transaction_id,amount,vendor_id,category,invoices_per_month,days_to_pay,is_anomaly
T00000,490.82,V008,Marketing,2,5,0
T00001,300.05,V041,Travel,5,19,0
T00002,456.53,V027,IT,5,4,0
T00003,517.53,V024,IT,4,29,0
T00004,496.79,V026,Travel,5,16,0
T00005,595.16,V044,Travel,2,19,0
T00006,508.51,V002,Marketing,6,14,0
T00007,463.25,V010,IT,3,18,0
T00008,627.45,V046,Travel,2,15,0
T00009,446.97,V013,Facilities,4,2,0
T00010,495.44,V028,Supplies,3,1,0
T00011,602.28,V024,Supplies,3,14,0
T00012,408.56,V004,IT,3,1,0
T00013,474.27,V045,Travel,2,10,0
T00014,2241.7,V016,Marketing,3,21,1
T00015,510.64,V007,Facilities,0,9,0
T00016,457.58,V001,Marketing,4,14,0
T00017,497.35,V013,IT,5,13,0
T00018,343.83,V007,Facilities,8,15,0
T00019,459.44,V023,Travel,3,5,0
T00020,444.02,V025,IT,3,21,0
T00021,492.26,V044,Travel,1,6,0
T00022,453.86,V004,Facilities,5,4,0
T00023,520.35,V045,Facilities,5,22,0
T00024,626.88,V025,Marketing,4,14,0
T00025,550.27,V008,Marketing,3,22,0
T00026,509.14,V043,Supplies,4,6,0
T00027,624.09,V012,Marketing,0,18,0
T00028,378.45,V025,IT,4,13,0
T00029,561.74,V024,IT,1,12,0
T00030,547.25,V029,Facilities,2,23,0
T00031,512.44,V056,Facilities,4,12,1
T00032,455.71,V003,Travel,3,3,0
T00033,581.81,V023,Marketing,2,14,0
T00034,554.52,V010,Supplies,3,23,0
T00035,534.91,V004,Marketing,4,18,0
T00036,584.67,V014,IT,2,29,0
T00037,552.19,V033,Travel,0,9,0
T00038,2647.46,V039,Supplies,4,24,1
T00039,553.57,V018,Supplies,1,30,0
T00040,459.1,V036,IT,3,5,0
T00041,556.67,V036,IT,4,6,0
T00042,506.29,V037,IT,5,26,0
T00043,510.25,V024,Marketing,1,15,0
T00044,404.17,V035,IT,3,21,0
T00045,416.81,V011,IT,1,3,0
T00046,240.7,V049,Supplies,3,4,0
T00047,524.9,V013,Facilities,5,23,0
T00048,524.87,V013,Facilities,1,10,0
T00049,667.39,V044,IT,2,13,0
T00050,535.24,V038,Supplies,3,17,0
T00051,615.21,V005,Travel,4,29,0
T00052,494.27,V001,IT,3,14,0
T00053,447.89,V038,Travel,3,2,0
T00054,519.49,V035,Facilities,4,15,0
T00055,594.96,V003,Travel,3,6,0
T00056,494.99,V027,Facilities,6,27,0
T00057,448.27,V043,Supplies,3,21,0
T00058,705.87,V004,IT,4,19,0
T00059,2167.08,V049,IT,2,26,1
T00060,609.49,V024,Travel,1,20,0
T00061,516.62,V019,Marketing,2,1,0
T00062,494.74,V031,IT,4,8,0
T00063,470.01,V021,IT,0,11,0
T00064,447.85,V005,Travel,3,11,0
T00065,362.95,V041,Travel,4,2,0
T00066,492.82,V018,Marketing,5,18,0
T00067,540.58,V049,IT,1,11,0
T00068,549.26,V059,Marketing,3,10,1
T00069,420.91,V034,Facilities,4,29,0
T00070,443.84,V035,Marketing,3,26,0
T00071,462.0,V027,IT,2,27,0
T00072,456.82,V031,Marketing,0,13,0
T00073,302.27,V005,Supplies,1,20,0
T00074,476.91,V016,Marketing,1,1,0
T00075,378.74,V027,Facilities,4,4,0
T00076,510.02,V014,Marketing,3,8,0
T00077,394.38,V033,Facilities,1,28,0
T00078,486.63,V006,Supplies,1,28,0
T00079,403.12,V022,Supplies,3,8,0
T00080,547.58,V005,Facilities,4,22,0
T00081,556.02,V040,Facilities,1,29,0
T00082,518.85,V049,Travel,7,11,0
T00083,530.73,V002,Travel,3,30,0
T00084,385.54,V037,Marketing,3,16,0
T00085,330.09,V008,Marketing,3,6,0
T00086,630.59,V033,Travel,3,18,0
T00087,399.13,V019,Marketing,4,14,0
T00088,517.12,V013,Supplies,6,10,0
T00089,478.18,V008,Marketing,4,3,0
T00090,551.63,V030,IT,4,23,0
T00091,525.93,V004,Travel,5,24,0
T00092,396.8,V038,Facilities,6,10,0
T00093,510.46,V022,IT,2,1,0
T00094,458.62,V037,Travel,3,29,0
T00095,397.58,V018,Marketing,3,5,0
T00096,502.09,V039,Marketing,4,23,0
T00097,498.33,V045,Supplies,1,4,0
T00098,495.55,V023,Facilities,2,21,0
T00099,389.59,V035,IT,4,22,0
T00100,450.98,V047,Marketing,2,3,0
T00101,501.47,V015,Travel,2,14,0
T00102,409.96,V001,Marketing,4,21,0
T00103,480.47,V006,Facilities,8,9,0
T00104,532.14,V020,IT,6,26,0
T00105,515.85,V025,Marketing,3,4,0
T00106,496.04,V036,Supplies,4,20,0
T00107,474.29,V044,Facilities,4,27,0
T00108,455.58,V042,Travel,2,16,0
T00109,527.34,V016,Travel,3,1,0
T00110,421.14,V031,Travel,1,27,0
T00111,473.24,V026,Facilities,2,7,0
T00112,372.45,V009,IT,4,28,0
T00113,517.39,V030,Travel,5,8,0
T00114,409.68,V040,Travel,1,26,0
T00115,586.46,V034,Travel,5,1,0
T00116,432.24,V028,Facilities,3,23,0
T00117,479.41,V021,IT,6,22,0
T00118,638.88,V047,IT,3,17,0
T00119,419.35,V035,Supplies,8,7,0
T00120,2405.37,V009,Supplies,1,19,1
T00121,650.56,V040,Travel,6,10,0
T00122,497.23,V024,Facilities,4,15,0
T00123,550.62,V002,IT,4,6,0
T00124,494.05,V022,Travel,5,1,0
T00125,508.34,V015,Facilities,3,23,0
T00126,379.75,V017,IT,1,18,0
T00127,389.65,V010,IT,6,17,0
T00128,419.87,V006,Travel,3,5,0
T00129,386.22,V029,IT,1,22,0
T00130,630.67,V025,IT,3,29,0
T00131,419.8,V042,Marketing,1,28,0
T00132,485.28,V021,IT,2,16,0
T00133,452.85,V049,IT,4,18,0
T00134,397.86,V004,Marketing,4,20,0
T00135,503.04,V046,IT,1,13,0
T00136,478.45,V007,Marketing,3,2,0
T00137,498.43,V015,Marketing,3,23,0
T00138,453.93,V025,Facilities,4,23,0
T00139,502.15,V039,Facilities,2,27,0
T00140,495.39,V031,Facilities,3,11,0
T00141,588.44,V025,Travel,5,28,0
T00142,516.67,V022,Facilities,4,25,0
T00143,590.13,V003,IT,3,3,0
T00144,512.03,V004,Travel,5,30,0
T00145,571.97,V046,IT,4,6,0
T00146,514.79,V001,Facilities,2,22,0
T00147,454.79,V060,Facilities,3,1,1
T00148,423.56,V018,Travel,0,30,0
T00149,458.89,V002,Facilities,4,22,0
T00150,474.37,V035,Travel,4,3,0
T00151,442.52,V036,IT,4,10,0
T00152,496.18,V017,Marketing,2,20,0
T00153,540.32,V014,IT,2,12,0
T00154,463.02,V021,Supplies,2,20,0
T00155,551.09,V014,Facilities,1,2,0
T00156,477.55,V033,Travel,1,26,0
T00157,413.48,V002,Marketing,1,11,0
T00158,582.33,V022,Marketing,2,13,0
T00159,539.35,V036,Facilities,4,19,0
T00160,569.69,V004,IT,3,14,0
T00161,517.96,V028,Facilities,4,5,0
T00162,498.52,V030,IT,5,13,0
T00163,445.83,V022,Supplies,4,24,0
T00164,418.18,V040,Marketing,2,27,0
T00165,377.96,V007,IT,3,1,0
T00166,533.07,V044,IT,4,7,0
T00167,581.15,V019,Facilities,1,2,0
T00168,486.15,V024,Marketing,4,1,0
T00169,532.66,V044,IT,6,10,0
T00170,460.56,V041,Facilities,3,4,0
T00171,517.9,V030,IT,4,27,0
T00172,559.78,V032,Marketing,1,1,0
T00173,417.02,V002,Marketing,1,16,0
T00174,498.07,V041,Travel,2,1,0
T00175,497.96,V011,Travel,2,8,0
T00176,501.96,V040,Travel,2,30,0
T00177,426.14,V042,IT,3,5,0
T00178,549.65,V042,Facilities,6,25,0
T00179,528.16,V011,Travel,3,3,0
T00180,504.77,V002,IT,2,18,0
T00181,519.5,V043,Marketing,2,9,0
T00182,575.26,V006,Travel,0,8,0
T00183,523.13,V049,IT,2,25,0
T00184,582.55,V007,Facilities,2,10,0
T00185,556.72,V021,Facilities,2,15,0
T00186,510.06,V058,Travel,2,2,1
T00187,577.8,V041,IT,0,15,0
T00188,381.16,V004,Facilities,4,19,0
T00189,515.72,V037,IT,2,1,0
T00190,526.3,V035,IT,4,3,0
T00191,567.25,V019,IT,5,9,0
T00192,411.15,V017,IT,2,4,0
T00193,533.75,V029,IT,3,11,0
T00194,578.75,V038,Facilities,2,21,0
T00195,485.21,V041,IT,3,14,0
T00196,487.86,V021,Supplies,3,2,0
T00197,471.12,V046,IT,2,15,0
T00198,433.52,V007,Marketing,2,26,0
T00199,514.93,V044,Marketing,3,16,0
T00200,585.24,V024,Supplies,2,14,0
T00201,518.56,V008,IT,2,4,0
T00202,587.54,V007,Marketing,3,21,0
T00203,670.64,V035,Facilities,3,25,0
T00204,509.6,V022,Marketing,7,29,0
T00205,509.25,V047,IT,3,5,0
T00206,438.16,V028,Marketing,4,9,0
T00207,454.1,V007,Travel,3,3,0
T00208,488.61,V018,Marketing,7,28,0
T00209,438.94,V037,Facilities,4,13,0
T00210,441.53,V003,Marketing,2,5,0
T00211,540.07,V040,IT,3,5,0
T00212,515.92,V032,Marketing,3,28,0
T00213,427.65,V022,Travel,3,27,0
T00214,529.49,V039,Marketing,5,20,0
T00215,605.39,V039,IT,3,7,0
T00216,437.56,V064,Travel,2,9,1
T00217,450.18,V042,Marketing,5,16,0
T00218,561.97,V033,Marketing,1,29,0
T00219,453.85,V015,Facilities,0,17,0
T00220,612.75,V016,Supplies,3,3,0
T00221,522.87,V011,Travel,3,19,0
T00222,566.35,V042,Facilities,4,28,0
T00223,457.18,V048,IT,5,29,0
T00224,364.56,V020,Travel,3,2,0
T00225,485.05,V004,Supplies,3,28,0
T00226,455.29,V010,Travel,4,12,0
T00227,569.8,V043,Marketing,1,27,0
T00228,446.99,V038,Travel,6,29,0
T00229,695.66,V045,Travel,1,20,0
T00230,478.0,V015,Facilities,3,25,0
T00231,544.2,V021,IT,4,19,0
T00232,543.46,V017,Facilities,2,11,0
T00233,556.09,V047,Travel,5,16,0
T00234,641.24,V004,IT,1,25,0
T00235,393.17,V012,Travel,5,6,0
T00236,551.27,V034,IT,2,3,0
T00237,626.37,V018,Travel,4,9,0
T00238,443.75,V025,Travel,7,21,0
T00239,546.12,V028,Facilities,3,22,0
T00240,569.79,V030,Marketing,1,15,0
T00241,421.7,V017,Travel,4,4,0
T00242,472.06,V003,Marketing,0,2,0
T00243,667.07,V032,Travel,1,1,0
T00244,574.09,V009,IT,1,25,0
T00245,474.01,V034,Travel,4,30,0
T00246,529.69,V026,Facilities,3,9,0
T00247,413.51,V021,Travel,7,28,0
T00248,496.99,V022,IT,3,23,0
T00249,607.63,V031,Marketing,3,8,0
T00250,482.47,V021,Marketing,3,14,0
T00251,410.18,V048,IT,4,10,0
T00252,363.73,V002,Facilities,4,12,0
T00253,334.6,V018,Travel,4,28,0
T00254,475.18,V039,Travel,3,4,0
T00255,492.07,V004,Marketing,2,18,0
T00256,640.43,V018,Facilities,1,1,0
T00257,591.9,V041,IT,1,21,0
T00258,494.39,V016,Travel,3,22,0
T00259,421.93,V008,Travel,5,3,0
T00260,527.01,V032,Supplies,3,18,0
T00261,387.4,V044,Marketing,1,7,0
T00262,440.12,V042,Supplies,3,17,0
T00263,435.34,V006,Marketing,2,12,0
T00264,537.81,V043,Marketing,2,3,0
T00265,601.43,V050,IT,5,19,1
T00266,490.84,V002,Travel,1,24,0
T00267,467.9,V016,Supplies,3,27,0
T00268,444.57,V024,Travel,2,5,0
T00269,336.95,V040,Marketing,0,30,0
T00270,543.49,V010,IT,4,1,0
T00271,551.78,V028,Marketing,3,13,0
T00272,420.83,V011,IT,1,4,0
T00273,450.15,V028,Marketing,5,14,0
T00274,461.29,V010,Facilities,3,14,0
T00275,355.61,V035,IT,1,11,0
T00276,408.29,V020,IT,3,10,0
T00277,588.7,V037,Travel,4,29,0
T00278,324.1,V006,Facilities,1,27,0
T00279,510.05,V021,Travel,5,13,0
T00280,650.49,V025,IT,1,18,0
T00281,577.73,V035,Facilities,4,11,0
T00282,2493.89,V006,Supplies,5,28,1
T00283,484.75,V021,Facilities,3,15,0
T00284,431.51,V028,Marketing,4,23,0
T00285,517.91,V005,IT,1,29,0
T00286,566.86,V021,Travel,4,7,0
T00287,543.77,V037,Supplies,3,11,0
T00288,463.82,V041,Facilities,0,21,0
T00289,533.93,V049,Facilities,3,5,0
T00290,462.58,V047,IT,2,7,0
T00291,538.16,V046,Facilities,1,5,0
T00292,569.57,V005,Travel,4,25,0
T00293,478.41,V015,IT,3,27,0
T00294,579.84,V046,Travel,2,5,0
T00295,445.44,V034,IT,1,24,0
T00296,576.03,V038,Travel,2,10,0
T00297,555.86,V048,IT,5,12,0
T00298,495.66,V025,IT,3,26,0
T00299,560.71,V011,IT,4,16,0
T00300,454.87,V020,IT,6,23,0
T00301,499.36,V031,Travel,3,27,0
T00302,374.36,V047,Marketing,5,19,0
T00303,340.14,V004,Travel,1,10,0
T00304,502.27,V024,Travel,2,24,0
T00305,549.13,V021,IT,2,4,0
T00306,272.12,V028,Facilities,2,4,0
T00307,570.19,V043,IT,4,17,0
T00308,547.79,V002,Supplies,1,26,0
T00309,350.34,V041,IT,1,29,0
T00310,524.58,V019,IT,0,30,0
T00311,360.82,V036,Facilities,0,13,0
T00312,583.53,V042,IT,1,14,0
T00313,746.31,V031,Facilities,4,17,0
T00314,610.57,V005,IT,5,25,0
T00315,643.67,V006,Supplies,3,20,0
T00316,456.25,V036,Facilities,2,26,0
T00317,461.79,V034,Marketing,3,22,0
T00318,615.33,V039,Travel,5,30,0
T00319,496.84,V020,IT,4,13,0
T00320,618.4,V005,IT,2,5,0
T00321,534.4,V043,Supplies,2,15,0
T00322,552.35,V008,IT,2,1,0
T00323,554.55,V035,Supplies,4,3,0
T00324,464.82,V045,Facilities,5,19,0
T00325,613.64,V033,Supplies,6,10,0
T00326,534.04,V022,Facilities,1,27,0
T00327,399.91,V049,Marketing,4,22,0
T00328,480.34,V031,Supplies,2,1,0
T00329,524.21,V034,IT,1,28,0
T00330,488.45,V010,Travel,1,29,0
T00331,579.7,V042,IT,2,30,0
T00332,507.69,V038,Marketing,5,30,0
T00333,536.28,V038,Travel,3,1,0
T00334,669.77,V039,IT,4,11,0
T00335,463.99,V023,Travel,4,17,0
T00336,629.1,V009,Marketing,4,15,0
T00337,520.78,V028,IT,3,16,0
T00338,458.72,V037,Travel,3,18,0
T00339,488.83,V009,Travel,3,23,0
T00340,489.59,V013,IT,6,15,0
T00341,539.4,V030,IT,1,25,0
T00342,447.79,V025,IT,4,7,0
T00343,436.57,V046,Travel,1,9,0
T00344,420.13,V030,Travel,3,1,0
T00345,553.99,V019,Travel,3,8,0
T00346,471.26,V005,Travel,1,1,0
T00347,415.26,V025,IT,5,10,0
T00348,593.54,V010,Facilities,2,8,0
T00349,527.81,V027,Marketing,3,1,0
T00350,455.56,V047,Facilities,1,20,0
T00351,492.32,V034,Travel,1,18,0
T00352,467.05,V036,IT,3,29,0
T00353,369.8,V007,Marketing,1,29,0
T00354,532.4,V024,Facilities,2,15,0
T00355,565.64,V020,IT,3,12,0
T00356,696.42,V033,IT,0,1,0
T00357,666.02,V012,Travel,5,4,0
T00358,653.12,V045,IT,3,3,0
T00359,433.82,V017,Marketing,2,15,0
T00360,430.88,V028,Marketing,1,22,0
T00361,487.55,V018,Travel,4,22,0
T00362,513.67,V029,IT,4,25,0
T00363,434.54,V005,Supplies,2,21,0
T00364,639.97,V018,Marketing,3,6,0
T00365,457.52,V049,Marketing,1,19,0
T00366,428.43,V046,Travel,4,3,0
T00367,489.94,V015,IT,2,26,0
T00368,622.36,V043,Marketing,2,19,0
T00369,458.18,V047,Travel,3,17,0
T00370,527.08,V041,Supplies,5,27,0
T00371,493.43,V015,Facilities,2,26,0
T00372,643.56,V043,Travel,7,25,0
T00373,507.81,V023,Marketing,3,5,0
T00374,620.06,V002,Marketing,4,19,0
T00375,525.82,V012,Travel,4,1,0
T00376,585.89,V022,Supplies,3,22,0
T00377,573.92,V012,Facilities,1,19,0
T00378,543.47,V036,Travel,7,21,0
T00379,333.45,V046,Facilities,3,16,0
T00380,385.59,V021,Travel,2,11,0
T00381,453.95,V035,Marketing,0,23,0
T00382,584.05,V005,Facilities,1,17,0
T00383,535.82,V026,Facilities,4,18,0
T00384,583.0,V008,Facilities,2,11,0
T00385,515.29,V036,IT,4,1,0
T00386,609.13,V046,Facilities,3,28,0
T00387,480.08,V045,Marketing,2,16,0
T00388,567.97,V011,Marketing,0,24,0
T00389,519.6,V034,Travel,0,26,0
T00390,502.82,V006,Supplies,2,14,0
T00391,465.24,V040,Facilities,5,10,0
T00392,451.89,V004,Marketing,3,16,0
T00393,634.71,V049,Supplies,6,22,0
T00394,357.7,V008,IT,4,13,0
T00395,375.47,V006,Supplies,0,6,0
T00396,482.32,V008,IT,2,7,0
T00397,573.47,V028,IT,0,28,0
T00398,664.86,V038,IT,2,15,0
T00399,516.09,V027,Travel,3,11,0
T00400,495.98,V016,Facilities,2,28,0
T00401,650.14,V001,IT,5,26,0
T00402,556.93,V022,Travel,3,3,0
T00403,448.88,V048,Marketing,4,4,0
T00404,500.82,V035,IT,5,10,0
T00405,471.88,V029,Marketing,1,16,0
T00406,533.03,V002,Travel,5,18,0
T00407,683.28,V047,Marketing,2,9,0
T00408,594.34,V049,Facilities,3,14,0
T00409,510.34,V024,IT,2,18,0
T00410,2585.42,V033,Travel,3,21,1
T00411,547.07,V018,Travel,5,24,0
T00412,461.35,V014,Travel,3,16,0
T00413,530.18,V024,Facilities,6,26,0
T00414,539.84,V005,IT,3,25,0
T00415,587.32,V016,Travel,6,22,0
T00416,454.11,V021,Facilities,2,29,0
T00417,549.93,V038,Facilities,5,1,0
T00418,626.2,V036,Marketing,3,16,0
T00419,549.74,V048,IT,3,20,0
T00420,422.81,V042,Marketing,3,6,0
T00421,538.48,V017,IT,2,3,0
T00422,660.82,V026,Facilities,2,24,0
T00423,558.06,V024,Facilities,2,20,0
T00424,504.46,V019,Facilities,1,28,0
T00425,568.61,V031,Facilities,0,17,0
T00426,544.0,V001,IT,3,29,0
T00427,576.74,V040,IT,1,16,0
T00428,625.24,V016,IT,4,13,0
T00429,592.75,V049,Facilities,3,23,0
T00430,327.73,V026,IT,4,8,0
T00431,419.67,V019,Supplies,4,19,0
T00432,391.87,V016,Marketing,2,24,0
T00433,439.68,V035,IT,3,6,0
T00434,420.83,V039,Facilities,2,1,0
T00435,458.59,V049,Marketing,5,1,0
T00436,453.85,V034,Travel,3,3,0
T00437,455.0,V027,Travel,2,29,0
T00438,569.61,V013,Facilities,4,3,0
T00439,545.11,V017,IT,2,14,0
T00440,583.92,V018,Marketing,4,22,0
T00441,534.37,V006,IT,0,1,0
T00442,466.78,V001,IT,5,26,0
T00443,477.51,V046,Marketing,2,12,0
T00444,468.53,V035,Supplies,0,20,0
T00445,557.04,V030,IT,3,6,0
T00446,403.98,V049,Facilities,4,20,0
T00447,484.77,V011,IT,4,16,0
T00448,492.87,V014,IT,4,29,0
T00449,487.36,V005,Marketing,2,21,0
T00450,441.83,V009,Marketing,5,2,0
T00451,482.32,V041,Travel,2,5,0
T00452,454.9,V038,Facilities,2,20,0
T00453,616.27,V030,Facilities,1,24,0
T00454,494.87,V005,Travel,1,19,0
T00455,417.18,V046,Travel,0,13,0
T00456,491.3,V008,Travel,3,25,0
T00457,606.33,V014,IT,4,21,0
T00458,411.48,V036,IT,2,5,0
T00459,451.08,V047,IT,3,1,0
T00460,411.71,V002,Marketing,4,13,0
T00461,470.91,V022,Marketing,0,1,0
T00462,624.04,V012,IT,4,11,0
T00463,505.58,V010,IT,3,25,0
T00464,583.77,V026,IT,3,29,0
T00465,419.52,V027,IT,4,9,0
T00466,522.4,V043,IT,0,19,0
T00467,284.25,V040,Facilities,3,21,0
T00468,427.39,V004,Marketing,4,12,0
T00469,618.03,V029,IT,4,18,0
T00470,519.1,V038,IT,4,13,0
T00471,451.68,V045,Facilities,6,19,0
T00472,384.8,V003,Facilities,4,14,0
T00473,444.65,V006,IT,3,19,0
T00474,566.03,V009,IT,2,11,0
T00475,414.59,V004,Travel,1,12,0
T00476,509.39,V046,IT,2,29,0
T00477,535.51,V010,Supplies,2,24,0
T00478,454.34,V017,Supplies,4,29,0
T00479,421.8,V017,Marketing,2,2,0
T00480,671.38,V020,Supplies,2,7,0
T00481,375.47,V021,IT,3,25,0
T00482,521.36,V029,Marketing,3,16,0
T00483,479.6,V013,IT,2,18,0
T00484,2458.21,V017,Facilities,2,24,1
T00485,461.26,V018,Supplies,4,26,0
T00486,582.6,V010,Facilities,1,28,0
T00487,436.25,V001,Facilities,5,13,0
T00488,415.73,V016,IT,3,7,0
T00489,519.86,V033,Travel,6,9,0
T00490,666.03,V026,IT,1,1,0
T00491,514.39,V035,Facilities,1,19,0
T00492,593.42,V037,Marketing,2,8,0
T00493,585.33,V021,IT,7,24,0
T00494,436.14,V005,Marketing,1,8,0
T00495,547.45,V032,IT,3,1,0
T00496,462.47,V002,Travel,2,18,0
T00497,536.73,V011,Travel,6,7,0
T00498,441.94,V047,Facilities,2,13,0
T00499,587.9,V003,Facilities,2,22,0
T00500,528.27,V054,Travel,4,25,1
T00501,505.87,V010,Travel,1,3,0
T00502,634.11,V038,Travel,2,14,0
T00503,465.75,V012,Marketing,3,25,0
T00504,444.86,V024,IT,4,13,0
T00505,551.42,V044,Marketing,1,18,0
T00506,458.17,V019,Marketing,3,13,0
T00507,523.18,V021,Facilities,3,11,0
T00508,480.77,V020,IT,2,24,0
T00509,431.1,V034,Marketing,4,17,0
T00510,2363.81,V045,Supplies,4,8,1
T00511,464.36,V034,IT,0,18,0
T00512,704.81,V042,Travel,2,28,0
T00513,681.66,V048,IT,4,11,0
T00514,501.47,V029,Travel,3,30,0
T00515,551.9,V036,Travel,6,6,0
T00516,652.75,V023,Marketing,5,4,0
T00517,506.58,V003,Supplies,2,18,0
T00518,673.06,V031,IT,6,27,0
T00519,554.56,V041,Marketing,3,17,0
T00520,452.67,V040,IT,4,1,0
T00521,550.63,V048,Facilities,4,25,0
T00522,565.08,V008,IT,1,10,0
T00523,467.35,V018,Marketing,3,1,0
T00524,531.94,V022,Travel,6,25,0
T00525,433.96,V023,Facilities,2,15,0
T00526,384.16,V013,Travel,1,29,0
T00527,367.08,V007,IT,4,10,0
T00528,447.95,V035,Travel,2,17,0
T00529,2825.23,V021,IT,3,27,1
T00530,514.94,V025,Marketing,5,1,0
T00531,506.06,V003,Travel,3,22,0
T00532,552.97,V013,IT,2,23,0
T00533,503.91,V039,Travel,2,8,0
T00534,584.25,V004,Facilities,1,21,0
T00535,604.44,V033,Supplies,3,27,0
T00536,526.69,V022,IT,4,5,0
T00537,591.5,V009,IT,3,17,0
T00538,439.27,V032,Travel,4,1,0
T00539,641.66,V021,Marketing,2,1,0
T00540,522.48,V003,Travel,6,14,0
T00541,458.04,V014,IT,2,9,0
T00542,2299.22,V005,Facilities,4,5,1
T00543,438.58,V022,Travel,4,25,0
T00544,484.29,V028,Supplies,3,15,0
T00545,710.59,V005,Facilities,3,7,0
T00546,505.4,V042,Marketing,0,10,0
T00547,473.92,V034,Supplies,3,16,0
T00548,545.53,V061,IT,3,4,1
T00549,582.42,V040,Supplies,3,13,0
T00550,434.65,V039,Facilities,3,19,0
T00551,537.71,V004,Marketing,3,17,0
T00552,438.61,V001,Supplies,3,17,0
T00553,448.25,V022,Marketing,0,24,0
T00554,515.81,V022,IT,3,27,0
T00555,531.56,V049,IT,3,18,0
T00556,615.76,V020,IT,2,26,0
T00557,385.13,V037,IT,4,7,0
T00558,444.95,V033,Facilities,4,15,0
T00559,493.54,V043,Travel,5,4,0
T00560,470.97,V024,Travel,1,1,0
T00561,421.48,V028,Travel,3,9,0
T00562,457.56,V004,Supplies,1,20,0
T00563,455.19,V042,IT,5,26,0
T00564,544.78,V014,IT,6,26,0
T00565,439.57,V037,Facilities,5,2,0
T00566,387.79,V015,Travel,2,16,0
T00567,515.83,V040,Marketing,4,24,0
T00568,558.61,V048,IT,4,24,0
T00569,336.86,V016,Travel,2,30,0
T00570,556.88,V044,Travel,4,9,0
T00571,388.11,V019,Travel,3,19,0
T00572,573.43,V036,Facilities,6,13,0
T00573,509.76,V032,IT,2,30,0
T00574,547.61,V002,Marketing,5,16,0
T00575,417.88,V028,Marketing,2,9,0
T00576,336.66,V049,Supplies,3,13,0
T00577,456.41,V032,Marketing,1,17,0
T00578,449.01,V011,Travel,4,10,0
T00579,437.74,V015,Travel,0,20,0
T00580,439.66,V026,Facilities,5,25,0
T00581,595.12,V045,Facilities,1,9,0
T00582,482.59,V036,IT,3,14,0
T00583,2508.5,V041,Supplies,3,12,1
T00584,555.21,V003,Facilities,0,13,0
T00585,552.68,V009,Marketing,1,26,0
T00586,452.05,V001,IT,7,14,0
T00587,580.79,V026,Travel,3,19,0
T00588,560.56,V045,Travel,2,24,0
T00589,396.43,V008,Marketing,6,27,0
T00590,650.09,V012,IT,4,10,0
T00591,589.38,V048,Marketing,3,5,0
T00592,455.98,V019,Marketing,9,11,0
T00593,425.85,V005,Travel,4,9,0
T00594,421.73,V024,Travel,4,24,0
T00595,643.81,V006,Marketing,3,9,0
T00596,695.18,V048,IT,4,23,0
T00597,495.56,V027,Travel,3,17,0
T00598,560.83,V042,Travel,4,6,0
T00599,501.01,V045,Facilities,1,1,0
T00600,480.08,V032,Marketing,1,22,0
T00601,611.95,V021,IT,4,25,0
T00602,477.46,V019,Marketing,1,7,0
T00603,541.41,V044,IT,0,13,0
T00604,563.33,V008,IT,1,6,0
T00605,496.35,V015,Supplies,3,22,0
T00606,560.43,V039,Marketing,2,11,0
T00607,421.4,V009,IT,3,22,0
T00608,507.95,V037,Marketing,1,17,0
T00609,472.11,V016,Marketing,4,21,0
T00610,646.52,V023,Marketing,3,11,0
T00611,480.88,V033,Facilities,5,1,0
T00612,394.15,V021,Marketing,3,7,0
T00613,548.48,V008,Travel,2,27,0
T00614,576.41,V036,Marketing,4,26,0
T00615,578.62,V033,IT,4,18,0
T00616,634.97,V023,Supplies,3,16,0
T00617,505.93,V015,IT,0,24,0
T00618,387.4,V010,Supplies,5,9,0
T00619,323.11,V013,Marketing,3,21,0
T00620,363.19,V013,Travel,7,5,0
T00621,557.4,V014,IT,2,1,0
T00622,584.29,V001,IT,1,29,0
T00623,478.28,V055,Facilities,4,20,1
T00624,521.73,V037,Travel,2,8,0
T00625,559.7,V046,IT,3,30,0
T00626,366.51,V015,Travel,0,10,0
T00627,457.53,V045,IT,2,26,0
T00628,433.68,V038,Travel,4,15,0
T00629,539.65,V034,IT,3,29,0
T00630,2468.28,V022,IT,3,16,1
T00631,465.85,V005,Facilities,3,4,0
T00632,610.06,V044,IT,0,1,0
T00633,638.2,V026,IT,4,30,0
T00634,548.85,V014,Supplies,0,26,0
T00635,447.73,V037,Facilities,3,15,0
T00636,647.92,V015,Marketing,3,1,0
T00637,499.02,V003,IT,4,6,0
T00638,498.05,V021,Facilities,2,23,0
T00639,630.29,V021,Facilities,3,9,0
T00640,463.29,V002,Marketing,1,17,0
T00641,509.78,V012,Marketing,7,4,0
T00642,577.13,V019,IT,2,11,0
T00643,466.39,V031,Facilities,4,2,0
T00644,426.23,V019,Travel,4,23,0
T00645,431.17,V027,Marketing,2,10,0
T00646,352.73,V023,Supplies,2,17,0
T00647,368.37,V011,Travel,1,13,0
T00648,480.23,V017,Travel,1,8,0
T00649,580.5,V038,Facilities,2,25,0
T00650,622.62,V012,IT,3,6,0
T00651,429.95,V031,Travel,2,21,0
T00652,498.48,V016,IT,5,21,0
T00653,494.71,V037,Supplies,1,12,0
T00654,522.5,V030,Supplies,1,5,0
T00655,555.7,V002,Marketing,6,12,0
T00656,465.65,V036,Travel,3,22,0
T00657,387.47,V008,IT,1,24,0
T00658,620.27,V028,Travel,3,12,0
T00659,616.09,V020,Travel,7,17,0
T00660,513.32,V036,Supplies,3,9,0
T00661,595.07,V006,Facilities,4,4,0
T00662,497.38,V012,Supplies,3,26,0
T00663,374.38,V013,Marketing,2,4,0
T00664,559.46,V002,Travel,2,16,0
T00665,359.3,V006,Facilities,2,22,0
T00666,512.02,V025,IT,4,7,0
T00667,578.01,V006,IT,2,22,0
T00668,535.54,V032,Supplies,5,29,0
T00669,424.81,V025,Travel,2,27,0
T00670,598.6,V062,Facilities,2,25,1
T00671,460.84,V019,Supplies,4,24,0
T00672,367.12,V031,Marketing,1,26,0
T00673,438.1,V023,Marketing,2,4,0
T00674,443.65,V021,IT,1,14,0
T00675,503.71,V006,Marketing,3,10,0
T00676,596.52,V004,Travel,2,2,0
T00677,410.43,V021,Facilities,2,9,0
T00678,551.64,V044,Supplies,5,4,0
T00679,479.23,V028,Travel,4,23,0
T00680,506.93,V021,Travel,2,13,0
T00681,363.79,V013,Supplies,4,9,0
T00682,410.03,V043,Travel,3,11,0
T00683,608.31,V021,Marketing,2,9,0
T00684,601.72,V009,Supplies,5,11,0
T00685,520.48,V037,Supplies,8,27,0
T00686,472.58,V034,Facilities,3,23,0
T00687,462.32,V030,Marketing,0,26,0
T00688,461.03,V021,Supplies,1,13,0
T00689,589.57,V014,Facilities,2,13,0
T00690,428.13,V014,Supplies,2,17,0
T00691,560.11,V039,Supplies,3,8,0
T00692,348.84,V012,Supplies,1,11,0
T00693,692.27,V038,Marketing,1,18,0
T00694,464.8,V017,Facilities,3,16,0
T00695,550.81,V034,Facilities,4,18,0
T00696,387.19,V063,Marketing,3,12,1
T00697,556.62,V027,Marketing,2,28,0
T00698,420.69,V030,Marketing,1,14,0
T00699,519.95,V025,Facilities,1,11,0
T00700,392.44,V049,Travel,5,16,0
T00701,516.23,V047,IT,2,6,0
T00702,516.88,V023,Marketing,3,13,0
T00703,459.2,V049,Marketing,1,4,0
T00704,452.05,V018,IT,1,24,0
T00705,640.38,V040,Marketing,1,12,0
T00706,545.58,V042,IT,1,19,0
T00707,515.53,V030,Facilities,3,21,0
T00708,397.36,V018,IT,4,17,0
T00709,391.21,V041,Marketing,4,16,0
T00710,702.15,V017,Marketing,1,22,0
T00711,602.21,V036,Travel,1,25,0
T00712,536.97,V007,IT,1,27,0
T00713,507.76,V049,IT,3,26,0
T00714,483.35,V039,IT,4,7,0
T00715,504.74,V014,Marketing,3,29,0
T00716,505.73,V011,Marketing,3,22,0
T00717,367.61,V032,Travel,2,17,0
T00718,412.3,V022,Travel,4,5,0
T00719,566.43,V021,Supplies,6,12,0
T00720,373.89,V042,Travel,1,20,0
T00721,287.92,V031,Marketing,6,1,0
T00722,480.2,V036,Supplies,3,5,0
T00723,478.49,V049,Facilities,1,3,0
T00724,399.88,V020,Travel,3,26,0
T00725,488.24,V002,Facilities,2,5,0
T00726,575.06,V026,IT,2,23,0
T00727,479.28,V033,Facilities,4,13,0
T00728,549.08,V015,Travel,3,23,0
T00729,2671.21,V042,Supplies,3,24,1
T00730,620.19,V009,Marketing,1,24,0
T00731,675.18,V020,IT,2,1,0
T00732,451.98,V011,IT,7,28,0
T00733,496.92,V003,IT,5,22,0
T00734,593.82,V012,IT,3,27,0
T00735,387.32,V013,Marketing,2,17,0
T00736,503.25,V009,IT,3,9,0
T00737,530.59,V045,Facilities,4,5,0
T00738,445.89,V003,Facilities,1,25,0
T00739,618.12,V035,Facilities,4,2,0
T00740,481.53,V009,Marketing,3,27,0
T00741,482.88,V031,Facilities,5,7,0
T00742,371.48,V029,IT,4,3,0
T00743,647.73,V033,Travel,2,17,0
T00744,517.93,V030,IT,5,28,0
T00745,526.15,V042,Travel,2,15,0
T00746,528.56,V039,Travel,8,27,0
T00747,381.71,V017,Supplies,3,19,0
T00748,496.25,V048,IT,6,24,0
T00749,448.98,V018,IT,4,2,0
T00750,545.81,V010,Facilities,7,1,0
T00751,610.74,V022,Supplies,2,28,0
T00752,486.19,V008,Marketing,3,4,0
T00753,464.46,V023,IT,5,3,0
T00754,545.65,V039,Facilities,3,9,0
T00755,588.65,V012,Travel,5,8,0
T00756,571.62,V010,Marketing,4,9,0
T00757,377.27,V015,Facilities,3,25,0
T00758,500.42,V011,IT,4,4,0
T00759,454.31,V001,Supplies,6,3,0
T00760,489.77,V020,Supplies,7,11,0
T00761,508.43,V023,Facilities,2,8,0
T00762,517.91,V035,Marketing,3,11,0
T00763,610.41,V006,Marketing,6,24,0
T00764,529.33,V010,Facilities,4,19,0
T00765,396.39,V047,IT,2,15,0
T00766,558.21,V037,Supplies,2,11,0
T00767,395.64,V020,Marketing,5,15,0
T00768,530.42,V017,Travel,2,2,0
T00769,392.15,V018,Facilities,3,6,0
T00770,428.22,V044,IT,1,13,0
T00771,644.08,V023,Marketing,1,7,0
T00772,601.35,V019,IT,1,22,0
T00773,531.93,V011,Marketing,7,12,0
T00774,419.03,V030,Marketing,2,15,0
T00775,400.18,V034,Travel,9,24,0
T00776,497.02,V008,Travel,3,8,0
T00777,516.28,V006,Travel,2,9,0
T00778,569.26,V016,IT,3,17,0
T00779,437.77,V015,Travel,4,23,0
T00780,520.85,V043,Supplies,1,22,0
T00781,619.68,V013,Marketing,5,12,0
T00782,657.18,V041,IT,4,29,0
T00783,482.92,V005,Facilities,5,16,0
T00784,446.27,V005,Supplies,2,13,0
T00785,540.4,V024,IT,5,25,0
T00786,470.35,V008,IT,2,17,0
T00787,509.08,V014,Travel,5,22,0
T00788,546.71,V026,Facilities,3,7,0
T00789,2319.64,V035,Marketing,3,14,1
T00790,548.83,V039,IT,5,24,0
T00791,545.04,V009,IT,1,26,0
T00792,468.98,V014,Marketing,4,23,0
T00793,672.25,V044,Marketing,3,8,0
T00794,526.09,V039,Facilities,3,29,0
T00795,498.69,V045,IT,3,13,0
T00796,512.03,V033,Marketing,2,25,0
T00797,497.38,V035,IT,6,25,0
T00798,627.56,V012,Marketing,1,27,0
T00799,445.52,V049,IT,1,6,0
T00800,647.74,V046,Supplies,6,5,0
T00801,418.3,V045,Facilities,4,12,0
T00802,620.32,V032,Travel,5,27,0
T00803,459.84,V009,Marketing,3,1,0
T00804,388.83,V018,IT,2,21,0
T00805,488.0,V009,Marketing,2,20,0
T00806,2691.56,V023,Marketing,4,26,1
T00807,504.16,V032,Travel,3,18,0
T00808,525.58,V025,Facilities,7,23,0
T00809,455.82,V020,Marketing,3,28,0
T00810,515.67,V023,IT,3,10,0
T00811,315.85,V004,Facilities,3,11,0
T00812,535.2,V044,IT,4,1,0
T00813,400.43,V037,Travel,5,23,0
T00814,578.54,V035,IT,3,4,0
T00815,414.39,V027,Facilities,3,18,0
T00816,548.63,V024,Facilities,4,1,0
T00817,529.2,V028,Travel,4,7,0
T00818,393.28,V003,IT,2,6,0
T00819,503.79,V002,IT,1,30,0
T00820,550.37,V026,Marketing,7,7,0
T00821,521.64,V016,Marketing,3,24,0
T00822,378.78,V045,IT,5,16,0
T00823,469.24,V021,Facilities,4,13,0
T00824,509.62,V006,Supplies,4,20,0
T00825,522.32,V030,Facilities,2,20,0
T00826,539.52,V025,Facilities,1,27,0
T00827,364.6,V028,IT,4,20,0
T00828,511.74,V026,Facilities,0,22,0
T00829,501.25,V034,IT,4,5,0
T00830,546.17,V013,Marketing,4,19,0
T00831,543.11,V025,Marketing,3,4,0
T00832,527.42,V007,IT,3,23,0
T00833,623.8,V015,Marketing,3,30,0
T00834,413.52,V047,Marketing,5,16,0
T00835,482.03,V020,Supplies,6,16,0
T00836,591.94,V043,Travel,5,24,0
T00837,570.53,V019,Facilities,6,19,0
T00838,586.29,V025,Supplies,3,23,0
T00839,465.4,V035,Travel,1,2,0
T00840,433.41,V006,Facilities,1,6,0
T00841,536.54,V021,IT,3,8,0
T00842,537.72,V021,IT,4,12,0
T00843,473.14,V032,Facilities,2,10,0
T00844,466.32,V011,IT,6,18,0
T00845,515.72,V017,IT,2,9,0
T00846,568.27,V044,IT,3,10,0
T00847,562.86,V007,IT,1,22,0
T00848,436.6,V042,Travel,1,11,0
T00849,476.19,V044,Supplies,2,4,0
T00850,552.02,V021,Facilities,3,16,0
T00851,549.83,V026,Marketing,1,17,0
T00852,397.63,V029,IT,1,28,0
T00853,464.31,V021,Facilities,4,14,0
T00854,487.2,V047,IT,6,30,0
T00855,518.74,V045,Travel,1,22,0
T00856,599.03,V027,Travel,3,17,0
T00857,334.13,V032,Supplies,4,3,0
T00858,479.79,V044,Travel,4,14,0
T00859,460.5,V020,Facilities,3,9,0
T00860,541.55,V016,Travel,1,1,0
T00861,531.66,V023,IT,4,21,0
T00862,508.85,V057,Marketing,5,29,1
T00863,452.61,V009,IT,5,26,0
T00864,566.71,V020,Travel,3,4,0
T00865,501.68,V006,Facilities,2,30,0
T00866,268.3,V019,Marketing,2,13,0
T00867,439.49,V032,IT,3,6,0
T00868,475.27,V039,Marketing,1,12,0
T00869,422.53,V008,Marketing,2,2,0
T00870,464.29,V042,IT,5,19,0
T00871,306.09,V033,IT,4,16,0
T00872,645.0,V039,Travel,1,17,0
T00873,405.34,V003,Facilities,3,16,0
T00874,384.15,V022,Marketing,2,2,0
T00875,631.6,V032,IT,1,4,0
T00876,370.17,V053,Facilities,3,2,1
T00877,538.32,V008,Marketing,6,30,0
T00878,565.03,V004,Facilities,1,27,0
T00879,401.79,V011,Facilities,1,13,0
T00880,615.3,V048,IT,5,29,0
T00881,461.7,V010,IT,4,10,0
T00882,491.44,V016,Marketing,1,27,0
T00883,491.01,V034,Travel,2,16,0
T00884,633.52,V048,IT,2,24,0
T00885,492.13,V016,Facilities,6,13,0
T00886,551.1,V033,Travel,2,8,0
T00887,422.64,V033,Facilities,4,16,0
T00888,508.75,V035,Marketing,3,11,0
T00889,549.02,V046,Travel,2,3,0
T00890,594.36,V045,Facilities,5,29,0
T00891,400.97,V002,Marketing,1,26,0
T00892,562.38,V052,Travel,2,9,1
T00893,382.85,V040,Facilities,2,23,0
T00894,432.01,V040,IT,2,17,0
T00895,527.72,V006,Travel,4,29,0
T00896,475.38,V020,Travel,3,28,0
T00897,450.1,V001,Supplies,3,4,0
T00898,596.1,V048,IT,2,11,0
T00899,666.14,V003,Supplies,4,16,0
T00900,526.59,V037,Facilities,1,4,0
T00901,530.55,V027,Facilities,4,5,0
T00902,407.33,V034,IT,1,16,0
T00903,442.97,V040,Supplies,3,17,0
T00904,418.05,V035,Travel,6,17,0
T00905,457.94,V039,IT,3,25,0
T00906,524.62,V029,IT,3,29,0
T00907,531.48,V002,IT,2,9,0
T00908,608.45,V032,Travel,0,17,0
T00909,471.0,V037,Supplies,3,29,0
T00910,574.85,V018,Travel,0,5,0
T00911,549.27,V035,Supplies,5,3,0
T00912,491.67,V051,IT,4,18,1
T00913,625.92,V027,Travel,5,9,0
T00914,373.29,V004,Marketing,2,25,0
T00915,483.76,V021,Marketing,4,7,0
T00916,573.31,V030,IT,5,1,0
T00917,424.05,V044,Facilities,3,28,0
T00918,609.35,V012,Facilities,3,20,0
T00919,389.38,V015,Travel,4,26,0
T00920,593.05,V015,IT,3,28,0
T00921,539.15,V025,IT,5,26,0
T00922,436.76,V020,IT,3,17,0
T00923,631.36,V028,Marketing,3,20,0
T00924,525.71,V028,Supplies,2,4,0
T00925,583.96,V016,IT,4,18,0
T00926,550.59,V002,IT,5,8,0
T00927,506.19,V019,IT,1,14,0
T00928,565.85,V008,Travel,3,12,0
T00929,402.86,V032,Facilities,3,11,0
T00930,409.62,V010,Travel,0,24,0
T00931,494.99,V033,Facilities,2,29,0
T00932,502.3,V001,Marketing,0,24,0
T00933,378.15,V014,Marketing,2,17,0
T00934,431.33,V004,Facilities,2,13,0
T00935,469.17,V009,Marketing,2,3,0
T00936,599.69,V032,Supplies,3,16,0
T00937,592.87,V009,Travel,2,30,0
T00938,443.99,V035,Marketing,4,9,0
T00939,366.45,V029,IT,1,6,0
T00940,560.6,V034,IT,4,27,0
T00941,568.02,V007,IT,2,16,0
T00942,519.47,V018,Facilities,6,29,0
T00943,571.17,V014,Facilities,5,24,0
T00944,514.67,V021,Marketing,1,24,0
T00945,432.82,V022,Marketing,6,5,0
T00946,595.6,V028,Marketing,3,27,0
T00947,372.56,V047,Marketing,0,11,0
T00948,611.36,V040,Facilities,5,18,0
T00949,683.91,V004,Marketing,4,2,0
T00950,434.22,V017,Facilities,2,14,0
T00951,397.57,V046,Facilities,1,14,0
T00952,615.5,V024,IT,3,25,0
T00953,450.01,V030,Marketing,3,19,0
T00954,492.38,V021,Travel,3,27,0
T00955,573.97,V005,IT,2,22,0
T00956,539.47,V003,IT,4,24,0
T00957,502.38,V035,Supplies,3,26,0
T00958,401.94,V041,Facilities,5,2,0
T00959,506.15,V040,Travel,4,5,0
T00960,495.24,V047,Marketing,3,10,0
T00961,514.22,V026,IT,3,5,0
T00962,640.18,V040,IT,0,21,0
T00963,527.72,V015,Facilities,2,23,0
T00964,592.65,V021,Supplies,2,11,0
T00965,542.38,V023,Facilities,2,3,0
T00966,541.83,V032,Facilities,1,14,0
T00967,557.73,V025,Marketing,6,21,0
T00968,633.24,V003,Marketing,3,20,0
T00969,517.77,V021,Travel,0,1,0
T00970,680.19,V021,Supplies,2,22,0
T00971,503.85,V027,Travel,2,16,0
T00972,470.28,V011,Facilities,2,21,0
T00973,449.84,V046,Travel,2,5,0
T00974,480.7,V032,Travel,6,8,0
T00975,600.46,V038,Travel,6,9,0
T00976,554.88,V030,Travel,3,24,0
T00977,449.95,V039,Travel,2,18,0
T00978,485.84,V016,Travel,2,4,0
T00979,503.88,V046,IT,3,23,0
T00980,475.24,V030,Facilities,1,20,0
T00981,530.18,V016,IT,6,25,0
T00982,497.2,V010,Travel,2,7,0
T00983,426.51,V046,IT,3,21,0
T00984,526.76,V039,Marketing,1,18,0
T00985,561.67,V041,Marketing,3,16,0
T00986,483.82,V033,Facilities,1,18,0
T00987,443.39,V036,Marketing,5,28,0
T00988,402.23,V022,Marketing,4,3,0
T00989,514.55,V029,Facilities,2,17,0
T00990,635.72,V007,Marketing,0,1,0
T00991,602.21,V022,IT,1,18,0
T00992,460.99,V017,IT,3,23,0
T00993,541.16,V035,Marketing,3,18,0
T00994,501.11,V041,Marketing,3,25,0
T00995,570.69,V044,Marketing,2,17,0
T00996,588.26,V022,Facilities,2,19,0
T00997,621.85,V010,Facilities,4,3,0
T00998,499.71,V024,IT,1,29,0
T00999,503.76,V003,IT,6,29,0
