sku_id,category,channel,unit_cost,price,competitor_price,discount_pct,volume,margin_pct,revenue
SKU0001,Consumables,Retail,71.43,83.77,85.62,10,82,14.73,6869.14
SKU0002,Consumables,Retail,55.45,63.02,73.88,10,81,12.01,5104.62
SKU0003,Auto Parts,Retail,6.99,9.34,9.21,0,86,25.16,803.24
SKU0004,Electronics,B2B Direct,119.31,140.44,145.91,0,82,15.05,11516.08
SKU0005,Consumables,Retail,67.51,77.84,89.8,0,95,13.27,7394.8
SKU0006,Electronics,Distributor,59.47,75.06,68.21,0,69,20.77,5179.14
SKU0007,Consumables,Online,114.78,123.02,133.11,10,66,6.7,8119.32
SKU0008,Electronics,B2B Direct,22.92,27.45,24.38,0,65,16.5,1784.25
SKU0009,Auto Parts,Retail,26.76,31.19,32.83,20,97,14.2,3025.43
SKU0010,Equipment,Online,97.92,109.23,124.02,15,64,10.35,6990.72
SKU0011,Auto Parts,Retail,35.0,38.48,44.87,15,85,9.04,3270.8
SKU0012,Consumables,Retail,96.91,106.66,106.11,20,82,9.14,8746.12
SKU0013,Auto Parts,Online,36.23,50.96,42.87,5,91,28.91,4637.36
SKU0014,Auto Parts,Online,8.82,8.58,9.73,15,81,-2.8,694.98
SKU0015,Electronics,Retail,64.46,92.4,80.49,0,75,30.24,6930.0
SKU0016,Auto Parts,Retail,27.62,36.83,30.31,0,73,25.01,2688.59
SKU0017,Electronics,Retail,92.15,96.08,121.75,10,77,4.09,7398.16
SKU0018,Auto Parts,Online,78.74,95.97,88.13,0,95,17.95,9117.15
SKU0019,Electronics,Online,111.21,115.03,126.49,20,84,3.32,9662.52
SKU0020,Consumables,Distributor,95.04,117.74,124.05,10,94,19.28,11067.56
SKU0021,Auto Parts,Distributor,25.79,27.78,30.63,10,88,7.16,2444.64
SKU0022,Equipment,Retail,97.02,127.48,102.57,0,73,23.89,9306.04
SKU0023,Auto Parts,Distributor,78.8,97.43,94.43,10,103,19.12,10035.29
SKU0024,Auto Parts,B2B Direct,81.93,104.83,88.1,0,75,21.84,7862.25
SKU0025,Consumables,Online,100.71,123.72,135.52,15,97,18.6,12000.84
SKU0026,Electronics,Online,70.99,102.78,87.06,0,72,30.93,7400.16
SKU0027,Electronics,Distributor,58.59,67.93,66.03,10,91,13.75,6181.63
SKU0028,Auto Parts,B2B Direct,78.21,116.47,95.35,0,76,32.85,8851.72
SKU0029,Consumables,B2B Direct,39.27,44.38,42.14,0,87,11.51,3861.06
SKU0030,Consumables,Distributor,26.0,27.2,33.54,5,95,4.41,2584.0
SKU0031,Auto Parts,Retail,75.91,95.06,100.78,0,90,20.15,8555.4
SKU0032,Electronics,Online,31.89,38.47,41.85,10,83,17.1,3193.01
SKU0033,Consumables,Online,14.19,19.18,16.35,0,94,26.02,1802.92
SKU0034,Electronics,Online,5.06,6.53,5.81,0,77,22.51,502.81
SKU0035,Auto Parts,Online,74.96,81.89,79.5,5,74,8.46,6059.86
SKU0036,Electronics,Retail,46.65,54.5,58.1,0,74,14.4,4033.0
SKU0037,Auto Parts,Online,91.52,131.87,110.78,0,81,30.6,10681.47
SKU0038,Electronics,Online,48.15,59.23,57.19,15,89,18.71,5271.47
SKU0039,Consumables,Retail,60.89,83.39,80.51,0,82,26.98,6837.98
SKU0040,Electronics,Retail,51.81,70.76,57.01,0,75,26.78,5307.0
SKU0041,Electronics,Retail,79.82,106.88,84.04,0,89,25.32,9512.32
SKU0042,Equipment,Retail,45.96,51.57,49.27,5,72,10.88,3713.04
SKU0043,Electronics,B2B Direct,115.83,139.89,129.38,5,101,17.2,14128.89
SKU0044,Electronics,Distributor,112.66,155.29,119.42,0,85,27.45,13199.65
SKU0045,Auto Parts,Online,102.52,121.32,123.11,10,86,15.5,10433.52
SKU0046,Consumables,Online,110.83,122.74,126.81,0,102,9.7,12519.48
SKU0047,Electronics,Distributor,56.65,79.73,62.55,5,84,28.95,6697.32
SKU0048,Electronics,Retail,66.69,95.9,85.03,0,84,30.46,8055.6
SKU0049,Equipment,B2B Direct,90.34,97.91,100.4,10,72,7.73,7049.52
SKU0050,Equipment,Online,85.06,91.63,106.86,20,69,7.17,6322.47
SKU0051,Consumables,B2B Direct,107.43,149.95,124.06,5,83,28.36,12445.85
SKU0052,Electronics,Distributor,87.38,79.58,105.17,20,75,-9.8,5968.5
SKU0053,Electronics,B2B Direct,119.76,155.83,159.3,0,83,23.15,12933.89
SKU0054,Auto Parts,Online,45.08,57.81,47.84,0,74,22.02,4277.94
SKU0055,Auto Parts,Distributor,100.79,127.41,120.96,0,83,20.89,10575.03
SKU0056,Consumables,B2B Direct,85.23,122.24,111.34,0,74,30.28,9045.76
SKU0057,Electronics,B2B Direct,84.51,105.83,103.64,0,73,20.15,7725.59
SKU0058,Equipment,Online,42.47,47.8,48.12,0,71,11.15,3393.8
SKU0059,Auto Parts,B2B Direct,95.34,102.02,111.48,5,86,6.55,8773.72
SKU0060,Electronics,Online,108.54,121.25,136.12,0,75,10.48,9093.75
SKU0061,Consumables,Online,30.13,38.07,39.69,0,84,20.86,3197.88
SKU0062,Electronics,Retail,76.93,106.73,81.72,0,75,27.92,8004.75
SKU0063,Equipment,Online,50.1,50.31,53.68,15,72,0.42,3622.32
SKU0064,Equipment,B2B Direct,118.8,161.4,136.32,0,71,26.39,11459.4
SKU0065,Auto Parts,B2B Direct,60.07,74.33,67.27,10,86,19.18,6392.38
SKU0066,Auto Parts,Online,31.26,33.82,35.31,10,79,7.57,2671.78
SKU0067,Auto Parts,B2B Direct,48.91,62.27,54.6,5,77,21.45,4794.79
SKU0068,Consumables,Distributor,80.19,110.18,88.91,0,81,27.22,8924.58
SKU0069,Electronics,Online,13.75,17.69,14.98,0,88,22.27,1556.72
SKU0070,Consumables,Retail,74.41,87.28,98.98,5,86,14.75,7506.08
SKU0071,Electronics,Retail,112.09,151.06,122.54,0,77,25.8,11631.62
SKU0072,Consumables,Retail,102.79,153.27,114.23,0,81,32.94,12414.87
SKU0073,Consumables,Online,12.78,16.24,14.36,0,79,21.31,1282.96
SKU0074,Electronics,Retail,119.24,127.37,158.58,15,90,6.38,11463.3
SKU0075,Electronics,Online,85.35,104.25,108.97,5,69,18.13,7193.25
SKU0076,Auto Parts,Distributor,23.66,24.07,30.45,10,65,1.7,1564.55
SKU0077,Electronics,B2B Direct,6.43,8.07,6.95,5,77,20.32,621.39
SKU0078,Electronics,Retail,24.7,25.85,32.13,15,91,4.45,2352.35
SKU0079,Electronics,Retail,101.39,110.63,118.88,5,76,8.35,8407.88
SKU0080,Equipment,Retail,7.49,9.15,8.46,5,81,18.14,741.15
SKU0081,Equipment,Retail,31.81,28.03,38.89,20,82,-13.49,2298.46
SKU0082,Consumables,Retail,92.09,104.49,119.41,10,69,11.87,7209.81
SKU0083,Electronics,Retail,72.4,82.7,92.93,0,89,12.45,7360.3
SKU0084,Consumables,Online,95.01,105.43,125.13,0,66,9.88,6958.38
SKU0085,Electronics,Online,90.81,116.86,120.64,10,83,22.29,9699.38
SKU0086,Auto Parts,Retail,10.82,13.49,12.13,15,87,19.79,1173.63
SKU0087,Auto Parts,B2B Direct,107.64,120.98,126.71,5,84,11.03,10162.32
SKU0088,Auto Parts,Online,31.11,38.89,32.8,5,77,20.01,2994.53
SKU0089,Auto Parts,Online,68.64,74.82,90.18,10,101,8.26,7556.82
SKU0090,Electronics,Online,79.09,97.48,86.71,5,81,18.87,7895.88
SKU0091,Equipment,Distributor,24.39,27.98,31.91,10,72,12.83,2014.56
SKU0092,Auto Parts,B2B Direct,117.27,141.62,134.72,0,83,17.19,11754.46
SKU0093,Equipment,Retail,61.14,67.51,70.95,20,88,9.44,5940.88
SKU0094,Auto Parts,Distributor,11.63,12.04,12.35,10,105,3.41,1264.2
SKU0095,Auto Parts,Retail,112.79,113.82,129.49,10,82,0.9,9333.24
SKU0096,Electronics,Distributor,72.42,101.9,95.34,0,76,28.93,7744.4
SKU0097,Consumables,Online,85.41,116.7,90.34,0,88,26.81,10269.6
SKU0098,Auto Parts,Online,65.4,80.73,76.64,5,87,18.99,7023.51
SKU0099,Auto Parts,B2B Direct,100.99,116.99,106.99,10,77,13.68,9008.23
SKU0100,Electronics,Retail,8.81,10.3,10.23,10,77,14.47,793.1
SKU0101,Auto Parts,B2B Direct,35.86,45.71,39.51,0,70,21.55,3199.7
SKU0102,Consumables,Retail,59.01,66.77,66.43,10,81,11.62,5408.37
SKU0103,Electronics,B2B Direct,13.81,15.26,18.14,15,78,9.5,1190.28
SKU0104,Auto Parts,Online,86.18,113.02,101.76,0,91,23.75,10284.82
SKU0105,Equipment,Online,50.27,65.75,56.91,5,76,23.54,4997.0
SKU0106,Auto Parts,Distributor,36.36,45.31,44.61,10,78,19.75,3534.18
SKU0107,Consumables,Distributor,5.39,6.41,5.89,5,87,15.91,557.67
SKU0108,Consumables,Distributor,87.78,99.97,99.0,10,72,12.19,7197.84
SKU0109,Equipment,B2B Direct,100.89,119.76,122.47,5,76,15.76,9101.76
SKU0110,Electronics,B2B Direct,50.43,53.04,56.54,20,88,4.92,4667.52
SKU0111,Consumables,Retail,69.89,89.55,87.62,0,80,21.95,7164.0
SKU0112,Auto Parts,Online,31.18,43.12,37.34,5,72,27.69,3104.64
SKU0113,Consumables,Online,76.55,105.53,98.11,0,81,27.46,8547.93
SKU0114,Electronics,Online,6.4,9.34,8.54,0,89,31.48,831.26
SKU0115,Electronics,Distributor,61.19,84.67,66.38,0,92,27.73,7789.64
SKU0116,Equipment,Online,79.08,117.7,90.97,0,83,32.81,9769.1
SKU0117,Auto Parts,Distributor,110.59,119.82,126.72,20,89,7.7,10663.98
SKU0118,Equipment,Retail,48.85,58.05,53.51,20,87,15.85,5050.35
SKU0119,Equipment,B2B Direct,93.0,108.18,120.26,0,81,14.03,8762.58
SKU0120,Electronics,Online,73.73,74.39,94.22,10,62,0.89,4612.18
SKU0121,Electronics,Online,111.61,141.19,133.41,5,88,20.95,12424.72
SKU0122,Electronics,Distributor,50.81,64.5,61.55,15,74,21.22,4773.0
SKU0123,Equipment,Online,41.7,47.55,44.53,10,82,12.3,3899.1
SKU0124,Auto Parts,Online,107.02,126.8,130.21,0,80,15.6,10144.0
SKU0125,Electronics,Online,10.66,12.55,13.72,10,86,15.06,1079.3
SKU0126,Consumables,Online,20.68,25.3,25.27,10,83,18.26,2099.9
SKU0127,Equipment,Online,14.48,16.87,16.36,5,77,14.17,1298.99
SKU0128,Consumables,B2B Direct,101.96,113.05,127.48,20,89,9.81,10061.45
SKU0129,Consumables,Retail,6.22,7.41,7.21,20,74,16.06,548.34
SKU0130,Auto Parts,Retail,104.09,144.25,126.31,5,74,27.84,10674.5
SKU0131,Electronics,Online,56.9,62.3,68.07,10,83,8.67,5170.9
SKU0132,Auto Parts,B2B Direct,5.46,5.38,6.36,20,94,-1.49,505.72
SKU0133,Equipment,B2B Direct,51.19,63.92,64.79,0,73,19.92,4666.16
SKU0134,Consumables,Online,26.48,33.31,34.83,0,85,20.5,2831.35
SKU0135,Consumables,Retail,76.81,87.57,80.77,0,73,12.29,6392.61
SKU0136,Consumables,Online,83.13,99.26,110.57,15,84,16.25,8337.84
SKU0137,Electronics,B2B Direct,61.07,68.49,73.49,10,85,10.83,5821.65
SKU0138,Auto Parts,B2B Direct,9.66,14.03,12.17,0,67,31.15,940.01
SKU0139,Auto Parts,Distributor,80.45,94.66,105.12,20,86,15.01,8140.76
SKU0140,Auto Parts,Online,101.83,101.71,121.19,10,69,-0.12,7017.99
SKU0141,Consumables,Retail,87.84,111.65,114.24,15,77,21.33,8597.05
SKU0142,Auto Parts,Online,100.45,139.02,110.83,0,72,27.74,10009.44
SKU0143,Consumables,Retail,28.06,34.87,30.8,5,84,19.53,2929.08
SKU0144,Consumables,Retail,107.22,121.18,133.73,10,71,11.52,8603.78
SKU0145,Electronics,Online,42.05,52.23,55.13,5,72,19.49,3760.56
SKU0146,Auto Parts,B2B Direct,6.54,7.24,8.62,10,75,9.67,543.0
SKU0147,Auto Parts,Retail,101.99,116.95,126.79,15,85,12.79,9940.75
SKU0148,Auto Parts,B2B Direct,113.31,128.86,136.84,0,89,12.07,11468.54
SKU0149,Consumables,Online,80.39,92.14,92.4,15,79,12.75,7279.06
SKU0150,Auto Parts,Distributor,31.62,38.26,42.5,0,73,17.35,2792.98
SKU0151,Consumables,Distributor,33.95,37.58,38.9,0,87,9.66,3269.46
SKU0152,Consumables,Distributor,58.66,77.49,74.69,0,80,24.3,6199.2
SKU0153,Auto Parts,B2B Direct,108.25,144.12,130.94,0,88,24.89,12682.56
SKU0154,Consumables,B2B Direct,22.2,28.21,27.36,0,79,21.3,2228.59
SKU0155,Consumables,Retail,99.99,95.95,116.79,15,73,-4.21,7004.35
SKU0156,Consumables,Online,38.5,50.5,51.57,10,91,23.76,4595.5
SKU0157,Auto Parts,B2B Direct,97.99,125.17,119.7,5,88,21.71,11014.96
SKU0158,Auto Parts,B2B Direct,110.83,114.34,147.55,10,84,3.07,9604.56
SKU0159,Auto Parts,Distributor,54.16,70.64,56.99,0,87,23.33,6145.68
SKU0160,Electronics,Retail,46.98,61.02,57.4,0,87,23.01,5308.74
SKU0161,Consumables,Online,97.26,98.4,123.05,10,85,1.16,8364.0
SKU0162,Consumables,B2B Direct,65.89,79.63,83.91,10,80,17.25,6370.4
SKU0163,Equipment,Distributor,83.71,107.23,110.62,10,79,21.93,8471.17
SKU0164,Auto Parts,Online,76.63,101.89,80.56,5,76,24.79,7743.64
SKU0165,Auto Parts,Retail,22.58,24.0,23.71,10,72,5.92,1728.0
SKU0166,Consumables,Retail,102.15,132.84,121.73,10,95,23.1,12619.8
SKU0167,Auto Parts,Online,27.51,27.22,29.13,20,77,-1.07,2095.94
SKU0168,Auto Parts,Online,112.21,165.91,150.63,0,83,32.37,13770.53
SKU0169,Electronics,Retail,33.82,36.26,37.76,5,70,6.73,2538.2
SKU0170,Auto Parts,Distributor,89.4,104.15,106.55,10,74,14.16,7707.1
SKU0171,Consumables,Online,37.74,40.42,40.32,20,54,6.63,2182.68
SKU0172,Auto Parts,Retail,41.55,49.82,50.13,0,79,16.6,3935.78
SKU0173,Consumables,B2B Direct,40.65,54.39,47.32,5,83,25.26,4514.37
SKU0174,Consumables,Distributor,91.01,122.93,96.78,0,97,25.97,11924.21
SKU0175,Auto Parts,Distributor,69.03,72.61,79.42,5,85,4.93,6171.85
SKU0176,Equipment,Retail,106.54,143.12,124.38,0,69,25.56,9875.28
SKU0177,Electronics,Distributor,40.35,52.32,54.35,0,67,22.88,3505.44
SKU0178,Equipment,Online,84.58,94.69,94.08,5,80,10.68,7575.2
SKU0179,Auto Parts,B2B Direct,91.59,137.23,111.14,0,78,33.26,10703.94
SKU0180,Consumables,B2B Direct,22.42,32.71,30.18,0,70,31.46,2289.7
SKU0181,Electronics,Online,51.07,62.15,65.76,0,66,17.83,4101.9
SKU0182,Consumables,Retail,60.52,79.67,81.58,0,81,24.04,6453.27
SKU0183,Consumables,Online,45.9,45.04,61.53,20,77,-1.91,3468.08
SKU0184,Electronics,Distributor,42.04,56.32,50.32,5,77,25.36,4336.64
SKU0185,Equipment,Retail,83.94,105.04,105.67,15,72,20.09,7562.88
SKU0186,Electronics,B2B Direct,29.82,35.23,32.3,5,63,15.36,2219.49
SKU0187,Auto Parts,Online,86.58,98.51,102.37,20,83,12.11,8176.33
SKU0188,Consumables,Online,112.53,138.91,145.47,5,76,18.99,10557.16
SKU0189,Consumables,Distributor,70.0,83.7,84.11,5,75,16.37,6277.5
SKU0190,Electronics,B2B Direct,75.31,105.55,94.95,5,77,28.65,8127.35
SKU0191,Electronics,Distributor,12.93,15.18,16.47,10,93,14.82,1411.74
SKU0192,Equipment,Online,104.41,127.65,117.57,5,69,18.21,8807.85
SKU0193,Consumables,Online,37.83,51.79,49.66,0,93,26.96,4816.47
SKU0194,Auto Parts,Retail,75.73,91.22,89.96,0,69,16.98,6294.18
SKU0195,Auto Parts,Retail,117.6,130.17,130.9,10,75,9.66,9762.75
SKU0196,Equipment,Online,73.48,102.81,96.23,5,81,28.53,8327.61
SKU0197,Consumables,B2B Direct,88.34,121.15,103.83,0,61,27.08,7390.15
SKU0198,Equipment,Retail,56.21,80.42,71.67,0,80,30.1,6433.6
SKU0199,Auto Parts,Online,11.94,13.71,14.5,5,83,12.91,1137.93
SKU0200,Consumables,Retail,96.72,108.32,112.64,15,97,10.71,10507.04
SKU0201,Consumables,Retail,9.02,13.43,11.66,0,74,32.84,993.82
SKU0202,Auto Parts,B2B Direct,85.58,105.05,104.86,0,64,18.53,6723.2
SKU0203,Electronics,Retail,7.64,7.56,8.92,15,85,-1.06,642.6
SKU0204,Consumables,Retail,104.17,122.29,112.8,10,85,14.82,10394.65
SKU0205,Electronics,Online,23.13,29.03,30.5,0,91,20.32,2641.73
SKU0206,Consumables,Distributor,64.14,63.45,68.03,15,77,-1.09,4885.65
SKU0207,Consumables,Distributor,73.67,101.86,96.43,5,81,27.68,8250.66
SKU0208,Equipment,B2B Direct,57.62,81.91,66.72,5,98,29.65,8027.18
SKU0209,Consumables,Online,44.19,46.93,54.88,20,81,5.84,3801.33
SKU0210,Electronics,Retail,58.8,66.32,78.01,20,79,11.34,5239.28
SKU0211,Electronics,B2B Direct,40.81,58.91,44.71,0,82,30.72,4830.62
SKU0212,Consumables,Distributor,55.38,76.45,67.57,0,90,27.56,6880.5
SKU0213,Electronics,Distributor,46.27,51.71,59.19,0,81,10.52,4188.51
SKU0214,Auto Parts,Distributor,70.11,81.54,89.55,0,80,14.02,6523.2
SKU0215,Electronics,Online,32.36,36.51,39.08,0,77,11.37,2811.27
SKU0216,Auto Parts,Distributor,118.7,131.04,146.88,0,93,9.42,12186.72
SKU0217,Consumables,B2B Direct,62.6,61.22,79.96,20,76,-2.25,4652.72
SKU0218,Auto Parts,B2B Direct,27.33,29.2,35.59,15,88,6.4,2569.6
SKU0219,Auto Parts,Retail,59.86,68.04,76.53,5,86,12.02,5851.44
SKU0220,Equipment,Retail,104.64,111.92,120.98,5,80,6.5,8953.6
SKU0221,Consumables,Retail,7.51,9.85,10.13,0,81,23.76,797.85
SKU0222,Consumables,Online,83.15,100.56,98.15,0,67,17.31,6737.52
SKU0223,Consumables,Retail,68.02,96.48,71.92,0,73,29.5,7043.04
SKU0224,Consumables,Distributor,24.5,24.33,28.39,10,69,-0.7,1678.77
SKU0225,Consumables,Online,99.01,142.28,107.76,0,83,30.41,11809.24
SKU0226,Electronics,Online,47.42,59.73,51.52,15,65,20.61,3882.45
SKU0227,Equipment,Online,38.79,48.4,44.01,10,83,19.86,4017.2
SKU0228,Auto Parts,Retail,100.23,139.67,106.85,0,93,28.24,12989.31
SKU0229,Equipment,Distributor,78.43,115.56,98.55,0,67,32.13,7742.52
SKU0230,Electronics,Online,108.3,115.37,116.12,10,88,6.13,10152.56
SKU0231,Electronics,Online,77.44,92.79,86.03,20,61,16.54,5660.19
SKU0232,Auto Parts,Distributor,90.19,114.4,97.21,10,86,21.16,9838.4
SKU0233,Electronics,Distributor,101.19,140.72,108.17,0,76,28.09,10694.72
SKU0234,Consumables,Online,11.3,13.36,12.77,5,86,15.42,1148.96
SKU0235,Equipment,B2B Direct,94.25,124.25,115.13,0,73,24.14,9070.25
SKU0236,Equipment,B2B Direct,75.58,82.33,101.23,20,81,8.2,6668.73
SKU0237,Equipment,B2B Direct,12.99,15.76,17.05,10,84,17.58,1323.84
SKU0238,Auto Parts,Retail,63.49,78.97,83.35,10,88,19.6,6949.36
SKU0239,Equipment,Distributor,14.48,15.58,15.97,5,70,7.06,1090.6
SKU0240,Electronics,Online,89.63,100.21,101.23,10,86,10.56,8618.06
SKU0241,Equipment,Online,67.85,86.41,72.8,0,67,21.48,5789.47
SKU0242,Auto Parts,Retail,114.66,138.08,147.17,0,88,16.96,12151.04
SKU0243,Electronics,Retail,26.06,30.47,27.91,0,84,14.47,2559.48
SKU0244,Equipment,Distributor,74.69,69.05,90.9,20,80,-8.17,5524.0
SKU0245,Equipment,Retail,29.33,32.91,32.98,10,77,10.88,2534.07
SKU0246,Consumables,Online,75.62,98.11,84.92,0,79,22.92,7750.69
SKU0247,Consumables,Retail,88.1,84.26,118.69,15,78,-4.56,6572.28
SKU0248,Auto Parts,Retail,88.06,130.2,112.46,0,76,32.37,9895.2
SKU0249,Consumables,Distributor,98.73,138.82,128.46,0,76,28.88,10550.32
SKU0250,Consumables,Retail,103.16,143.63,126.02,0,76,28.18,10915.88
SKU0251,Auto Parts,B2B Direct,13.89,15.43,18.21,5,82,9.98,1265.26
SKU0252,Auto Parts,B2B Direct,44.48,56.69,55.32,5,67,21.54,3798.23
SKU0253,Auto Parts,B2B Direct,84.02,104.71,112.07,5,79,19.76,8272.09
SKU0254,Consumables,B2B Direct,62.34,83.77,70.72,10,81,25.58,6785.37
SKU0255,Auto Parts,Online,26.93,37.68,33.09,0,92,28.53,3466.56
SKU0256,Electronics,Distributor,68.56,82.09,86.18,10,80,16.48,6567.2
SKU0257,Electronics,B2B Direct,51.86,74.7,60.57,0,84,30.58,6274.8
SKU0258,Electronics,B2B Direct,49.85,52.13,65.5,10,79,4.37,4118.27
SKU0259,Consumables,Distributor,98.12,97.68,131.87,10,70,-0.45,6837.6
SKU0260,Consumables,B2B Direct,51.87,64.24,62.15,10,89,19.26,5717.36
SKU0261,Electronics,B2B Direct,8.04,8.7,9.38,5,81,7.59,704.7
SKU0262,Electronics,Distributor,11.68,12.05,13.92,10,67,3.07,807.35
SKU0263,Electronics,Online,103.47,144.64,135.11,0,91,28.46,13162.24
SKU0264,Equipment,Retail,115.47,118.59,143.6,15,86,2.63,10198.74
SKU0265,Auto Parts,Retail,84.17,113.75,89.51,0,73,26.0,8303.75
SKU0266,Auto Parts,Retail,46.9,68.8,56.87,0,90,31.83,6192.0
SKU0267,Consumables,B2B Direct,112.94,131.6,119.17,5,86,14.18,11317.6
SKU0268,Electronics,B2B Direct,81.22,86.76,104.25,10,95,6.39,8242.2
SKU0269,Consumables,B2B Direct,102.1,116.66,117.26,0,95,12.48,11082.7
SKU0270,Auto Parts,Distributor,93.07,85.79,110.9,20,79,-8.49,6777.41
SKU0271,Consumables,Online,48.6,43.74,62.67,20,68,-11.11,2974.32
SKU0272,Auto Parts,B2B Direct,60.05,61.34,63.89,10,81,2.1,4968.54
SKU0273,Electronics,Retail,26.41,31.93,28.99,5,82,17.29,2618.26
SKU0274,Auto Parts,Retail,38.58,42.65,45.11,10,86,9.54,3667.9
SKU0275,Consumables,Online,94.48,130.63,105.72,0,67,27.67,8752.21
SKU0276,Equipment,Distributor,107.81,148.31,124.13,5,82,27.31,12161.42
SKU0277,Electronics,Retail,88.31,99.89,119.17,20,65,11.59,6492.85
SKU0278,Consumables,B2B Direct,58.49,61.4,75.9,20,74,4.74,4543.6
SKU0279,Consumables,Retail,14.95,13.65,19.66,20,88,-9.52,1201.2
SKU0280,Equipment,Online,11.55,15.98,15.37,0,68,27.72,1086.64
SKU0281,Consumables,Retail,48.05,59.83,55.37,0,107,19.69,6401.81
SKU0282,Auto Parts,Retail,58.34,66.17,66.46,0,91,11.83,6021.47
SKU0283,Consumables,Distributor,75.05,102.45,84.07,5,88,26.74,9015.6
SKU0284,Electronics,Online,5.75,7.1,7.47,0,74,19.01,525.4
SKU0285,Auto Parts,Distributor,118.82,141.07,148.98,0,76,15.77,10721.32
SKU0286,Auto Parts,Distributor,46.85,61.08,52.51,10,83,23.3,5069.64
SKU0287,Equipment,Distributor,102.53,134.8,119.25,10,88,23.94,11862.4
SKU0288,Equipment,Retail,66.52,73.97,79.96,10,92,10.07,6805.24
SKU0289,Consumables,Distributor,20.0,21.11,24.17,15,67,5.26,1414.37
SKU0290,Equipment,Retail,96.72,128.82,127.34,0,88,24.92,11336.16
SKU0291,Consumables,Online,86.63,120.71,100.85,0,66,28.23,7966.86
SKU0292,Auto Parts,Online,65.66,66.5,86.84,10,86,1.26,5719.0
SKU0293,Auto Parts,Distributor,64.17,81.53,75.88,5,81,21.29,6603.93
SKU0294,Auto Parts,Online,15.06,21.19,19.19,5,76,28.93,1610.44
SKU0295,Auto Parts,Retail,80.42,96.89,106.88,0,75,17.0,7266.75
SKU0296,Auto Parts,Online,109.79,160.68,145.17,0,83,31.67,13336.44
SKU0297,Electronics,Online,15.72,20.94,16.77,10,75,24.93,1570.5
SKU0298,Consumables,Online,35.3,36.24,39.24,15,90,2.59,3261.6
SKU0299,Equipment,Distributor,108.77,121.97,129.77,20,97,10.82,11831.09
SKU0300,Consumables,Retail,37.7,42.82,44.47,5,69,11.96,2954.58
SKU0301,Equipment,Distributor,80.2,106.29,99.63,5,83,24.55,8822.07
SKU0302,Electronics,B2B Direct,66.5,80.21,88.67,15,83,17.09,6657.43
SKU0303,Equipment,Distributor,73.58,83.8,79.74,5,79,12.2,6620.2
SKU0304,Electronics,Retail,52.82,69.57,62.62,5,78,24.08,5426.46
SKU0305,Auto Parts,B2B Direct,39.5,45.03,43.76,20,79,12.28,3557.37
SKU0306,Equipment,Retail,10.58,11.84,13.95,10,75,10.64,888.0
SKU0307,Electronics,Retail,90.59,84.58,121.33,20,90,-7.11,7612.2
SKU0308,Electronics,B2B Direct,90.8,103.22,108.38,0,73,12.03,7535.06
SKU0309,Auto Parts,B2B Direct,82.13,103.78,88.8,5,76,20.86,7887.28
SKU0310,Consumables,B2B Direct,79.02,100.16,101.59,15,74,21.11,7411.84
SKU0311,Equipment,B2B Direct,33.03,47.21,41.59,0,78,30.04,3682.38
SKU0312,Auto Parts,Online,7.57,8.68,8.75,10,75,12.79,651.0
SKU0313,Equipment,B2B Direct,98.0,128.84,128.99,0,83,23.94,10693.72
SKU0314,Auto Parts,Online,61.48,63.33,82.55,15,70,2.92,4433.1
SKU0315,Electronics,Retail,40.29,42.25,49.05,10,89,4.64,3760.25
SKU0316,Auto Parts,B2B Direct,16.72,21.62,20.39,0,82,22.66,1772.84
SKU0317,Consumables,Distributor,12.21,14.91,13.91,5,75,18.11,1118.25
SKU0318,Auto Parts,Online,45.12,53.15,55.29,10,87,15.11,4624.05
SKU0319,Electronics,Online,97.54,130.02,115.28,10,89,24.98,11571.78
SKU0320,Auto Parts,Online,110.65,141.02,126.21,5,90,21.54,12691.8
SKU0321,Auto Parts,Retail,108.13,123.37,115.72,15,86,12.35,10609.82
SKU0322,Consumables,B2B Direct,110.8,121.18,124.74,5,87,8.57,10542.66
SKU0323,Auto Parts,B2B Direct,109.39,155.73,121.35,5,82,29.76,12769.86
SKU0324,Auto Parts,B2B Direct,65.63,92.48,79.58,0,74,29.03,6843.52
SKU0325,Auto Parts,Distributor,30.23,35.09,37.2,20,83,13.85,2912.47
SKU0326,Electronics,Retail,96.78,122.5,119.29,0,74,21.0,9065.0
SKU0327,Consumables,Online,29.58,36.56,34.5,5,79,19.09,2888.24
SKU0328,Auto Parts,Online,35.73,39.75,42.03,15,83,10.11,3299.25
SKU0329,Auto Parts,Distributor,31.82,37.47,41.37,0,99,15.08,3709.53
SKU0330,Electronics,B2B Direct,64.22,83.94,76.61,5,79,23.49,6631.26
SKU0331,Auto Parts,B2B Direct,42.01,61.38,56.56,0,86,31.56,5278.68
SKU0332,Equipment,Retail,22.73,23.84,26.86,10,74,4.66,1764.16
SKU0333,Consumables,Retail,57.11,61.55,71.09,5,70,7.21,4308.5
SKU0334,Consumables,Distributor,105.5,125.12,112.37,15,74,15.68,9258.88
SKU0335,Auto Parts,Online,70.61,72.58,87.98,15,68,2.71,4935.44
SKU0336,Consumables,B2B Direct,106.01,128.76,138.39,10,83,17.67,10687.08
SKU0337,Consumables,Retail,27.53,34.15,36.69,10,72,19.39,2458.8
SKU0338,Electronics,Online,24.2,28.25,32.65,5,72,14.34,2034.0
SKU0339,Consumables,B2B Direct,71.19,101.52,80.78,0,78,29.88,7918.56
SKU0340,Consumables,Retail,58.28,69.24,71.25,10,86,15.83,5954.64
SKU0341,Electronics,B2B Direct,80.92,93.71,95.91,20,70,13.65,6559.7
SKU0342,Auto Parts,B2B Direct,96.38,128.67,117.5,5,84,25.1,10808.28
SKU0343,Consumables,Retail,91.4,132.3,100.29,0,71,30.91,9393.3
SKU0344,Auto Parts,B2B Direct,113.36,125.61,148.14,0,79,9.75,9923.19
SKU0345,Consumables,Retail,50.8,57.79,67.2,5,72,12.1,4160.88
SKU0346,Consumables,Online,28.73,32.64,34.04,0,78,11.98,2545.92
SKU0347,Consumables,B2B Direct,68.35,82.91,77.52,5,86,17.56,7130.26
SKU0348,Electronics,Retail,17.74,24.54,19.38,5,73,27.71,1791.42
SKU0349,Auto Parts,Online,38.22,46.73,47.97,5,76,18.21,3551.48
SKU0350,Auto Parts,Distributor,28.91,41.63,33.06,0,90,30.55,3746.7
SKU0351,Consumables,Retail,50.6,56.05,66.94,10,79,9.72,4427.95
SKU0352,Equipment,Distributor,17.79,18.69,22.26,15,85,4.82,1588.65
SKU0353,Consumables,Distributor,8.66,10.1,10.77,20,81,14.26,818.1
SKU0354,Auto Parts,Retail,80.53,97.18,98.07,5,70,17.13,6802.6
SKU0355,Equipment,Retail,75.18,106.45,79.97,0,69,29.38,7345.05
SKU0356,Equipment,Retail,86.46,82.63,114.96,20,62,-4.64,5123.06
SKU0357,Electronics,Retail,80.94,107.78,100.23,10,74,24.9,7975.72
SKU0358,Electronics,Distributor,18.14,24.12,24.46,0,77,24.79,1857.24
SKU0359,Consumables,B2B Direct,38.47,54.0,46.6,0,74,28.76,3996.0
SKU0360,Consumables,Online,19.9,22.6,25.13,0,82,11.95,1853.2
SKU0361,Equipment,B2B Direct,101.94,132.22,108.76,0,73,22.9,9652.06
SKU0362,Auto Parts,Distributor,90.89,132.74,112.66,0,78,31.53,10353.72
SKU0363,Electronics,Retail,28.18,32.71,36.05,20,89,13.85,2911.19
SKU0364,Consumables,B2B Direct,44.25,47.03,56.8,5,84,5.91,3950.52
SKU0365,Equipment,B2B Direct,116.16,127.7,148.8,10,81,9.04,10343.7
SKU0366,Equipment,Retail,73.33,79.62,81.97,15,81,7.9,6449.22
SKU0367,Equipment,Retail,97.13,102.18,130.41,10,87,4.94,8889.66
SKU0368,Electronics,B2B Direct,35.43,41.92,47.78,15,83,15.48,3479.36
SKU0369,Consumables,Retail,29.16,27.38,31.28,20,85,-6.5,2327.3
SKU0370,Electronics,Retail,95.15,111.97,126.64,5,92,15.02,10301.24
SKU0371,Electronics,B2B Direct,83.88,91.62,95.36,20,77,8.45,7054.74
SKU0372,Auto Parts,B2B Direct,83.31,96.94,104.7,10,77,14.06,7464.38
SKU0373,Consumables,Online,68.55,95.66,78.93,0,97,28.34,9279.02
SKU0374,Equipment,Online,69.81,93.27,93.57,10,78,25.15,7275.06
SKU0375,Auto Parts,Online,89.61,92.47,96.82,10,79,3.09,7305.13
SKU0376,Auto Parts,Retail,36.05,39.91,43.24,20,95,9.67,3791.45
SKU0377,Consumables,Retail,45.57,54.33,53.7,0,72,16.12,3911.76
SKU0378,Consumables,Retail,105.24,126.55,120.8,5,89,16.84,11262.95
SKU0379,Equipment,Online,40.52,45.1,50.39,0,92,10.16,4149.2
SKU0380,Auto Parts,Retail,67.83,78.3,73.89,0,98,13.37,7673.4
SKU0381,Auto Parts,Retail,85.8,105.35,108.54,0,84,18.56,8849.4
SKU0382,Electronics,Retail,119.99,140.98,161.29,5,88,14.89,12406.24
SKU0383,Auto Parts,Retail,55.06,68.32,71.1,15,60,19.41,4099.2
SKU0384,Auto Parts,Online,54.23,75.74,70.93,0,91,28.4,6892.34
SKU0385,Auto Parts,Distributor,101.9,144.13,117.99,5,80,29.3,11530.4
SKU0386,Auto Parts,Online,97.63,130.79,112.03,0,68,25.35,8893.72
SKU0387,Auto Parts,B2B Direct,89.07,106.59,107.34,0,88,16.44,9379.92
SKU0388,Equipment,Distributor,58.27,68.15,61.98,5,79,14.5,5383.85
SKU0389,Auto Parts,Retail,42.25,51.88,56.34,0,92,18.56,4772.96
SKU0390,Electronics,Distributor,75.0,87.68,81.99,5,77,14.46,6751.36
SKU0391,Equipment,Online,105.77,144.82,139.71,0,82,26.96,11875.24
SKU0392,Consumables,Retail,106.63,139.93,114.64,0,75,23.8,10494.75
SKU0393,Consumables,Retail,17.48,20.83,22.67,5,82,16.08,1708.06
SKU0394,Consumables,Online,54.26,59.78,59.45,5,73,9.23,4363.94
SKU0395,Consumables,Retail,58.44,64.8,62.03,0,81,9.81,5248.8
SKU0396,Equipment,Retail,117.43,132.48,148.65,5,76,11.36,10068.48
SKU0397,Consumables,B2B Direct,82.97,80.61,94.09,15,87,-2.93,7013.07
SKU0398,Equipment,Distributor,51.83,65.97,65.53,10,98,21.43,6465.06
SKU0399,Electronics,Online,8.0,9.16,9.73,0,103,12.66,943.48
SKU0400,Auto Parts,Retail,70.02,92.44,75.81,5,76,24.25,7025.44
SKU0401,Equipment,Retail,16.05,18.12,21.34,10,88,11.42,1594.56
SKU0402,Electronics,Retail,100.96,114.02,119.71,0,77,11.45,8779.54
SKU0403,Equipment,B2B Direct,91.54,110.88,116.29,15,69,17.44,7650.72
SKU0404,Auto Parts,Retail,57.96,61.76,69.57,20,84,6.15,5187.84
SKU0405,Electronics,Online,54.36,55.18,66.93,15,86,1.49,4745.48
SKU0406,Equipment,B2B Direct,108.19,134.07,123.43,15,71,19.3,9518.97
SKU0407,Auto Parts,Distributor,38.17,38.41,42.37,10,71,0.62,2727.11
SKU0408,Equipment,Retail,33.64,35.75,40.8,10,89,5.9,3181.75
SKU0409,Equipment,Retail,113.01,142.48,133.59,10,69,20.68,9831.12
SKU0410,Equipment,Online,98.06,115.34,114.44,15,71,14.98,8189.14
SKU0411,Electronics,Online,99.37,108.72,124.39,10,79,8.6,8588.88
SKU0412,Consumables,Online,27.45,30.88,34.51,0,91,11.11,2810.08
SKU0413,Equipment,Retail,21.48,31.0,22.85,0,92,30.71,2852.0
SKU0414,Consumables,Distributor,7.99,8.32,9.2,15,81,3.97,673.92
SKU0415,Consumables,Retail,32.26,38.01,37.86,0,83,15.13,3154.83
SKU0416,Equipment,Online,94.03,110.56,101.46,10,86,14.95,9508.16
SKU0417,Consumables,Online,32.6,38.18,36.54,20,89,14.61,3398.02
SKU0418,Equipment,Retail,88.85,89.35,94.67,10,77,0.56,6879.95
SKU0419,Auto Parts,B2B Direct,33.97,38.22,45.82,20,86,11.12,3286.92
SKU0420,Auto Parts,Retail,50.46,60.35,64.13,10,74,16.39,4465.9
SKU0421,Electronics,Retail,118.06,149.96,127.06,0,97,21.27,14546.12
SKU0422,Electronics,Retail,33.15,39.38,35.01,15,70,15.82,2756.6
SKU0423,Consumables,Online,48.28,71.76,61.11,0,87,32.72,6243.12
SKU0424,Auto Parts,Online,39.63,44.87,46.83,5,92,11.68,4128.04
SKU0425,Equipment,Online,17.61,20.38,22.65,0,93,13.59,1895.34
SKU0426,Auto Parts,Online,61.34,89.87,81.4,0,62,31.75,5571.94
SKU0427,Electronics,Online,48.55,63.08,59.71,5,74,23.03,4667.92
SKU0428,Auto Parts,Retail,84.91,108.28,93.92,0,93,21.58,10070.04
SKU0429,Electronics,B2B Direct,99.02,118.46,127.21,10,86,16.41,10187.56
SKU0430,Auto Parts,B2B Direct,67.59,80.33,90.35,15,83,15.86,6667.39
SKU0431,Auto Parts,B2B Direct,8.7,12.26,10.65,0,73,29.04,894.98
SKU0432,Consumables,Distributor,76.18,111.83,95.58,0,100,31.88,11183.0
SKU0433,Auto Parts,Online,11.37,13.0,13.09,10,85,12.54,1105.0
SKU0434,Auto Parts,Distributor,75.88,83.14,88.36,10,84,8.73,6983.76
SKU0435,Consumables,Retail,83.78,90.88,106.43,20,92,7.81,8360.96
SKU0436,Auto Parts,Retail,27.74,35.13,36.85,0,85,21.04,2986.05
SKU0437,Electronics,Retail,99.22,112.83,122.9,15,69,12.06,7785.27
SKU0438,Auto Parts,Online,109.77,132.23,141.27,5,97,16.99,12826.31
SKU0439,Auto Parts,Distributor,98.51,102.95,108.51,10,89,4.31,9162.55
SKU0440,Consumables,Online,40.09,51.63,44.64,0,86,22.35,4440.18
SKU0441,Auto Parts,Retail,72.46,94.74,87.65,5,84,23.52,7958.16
SKU0442,Equipment,Retail,110.2,156.45,121.55,0,78,29.56,12203.1
SKU0443,Equipment,Online,41.88,54.33,51.95,0,78,22.92,4237.74
SKU0444,Auto Parts,Online,99.3,110.0,112.95,5,93,9.73,10230.0
SKU0445,Equipment,Online,6.09,6.55,7.84,15,87,7.02,569.85
SKU0446,Auto Parts,Online,5.42,6.9,7.0,10,84,21.45,579.6
SKU0447,Auto Parts,Distributor,92.37,111.02,109.84,5,94,16.8,10435.88
SKU0448,Auto Parts,Retail,92.57,121.24,102.22,5,92,23.65,11154.08
SKU0449,Electronics,Online,95.73,118.49,119.09,5,90,19.21,10664.1
SKU0450,Consumables,B2B Direct,111.95,107.16,150.89,20,77,-4.47,8251.32
SKU0451,Auto Parts,Distributor,18.56,25.01,22.95,5,85,25.79,2125.85
SKU0452,Consumables,Online,31.68,35.92,33.6,0,79,11.8,2837.68
SKU0453,Consumables,Online,108.93,142.69,114.94,0,95,23.66,13555.55
SKU0454,Electronics,Distributor,25.38,27.03,29.09,10,79,6.1,2135.37
SKU0455,Consumables,Online,83.46,89.34,92.54,5,73,6.58,6521.82
SKU0456,Equipment,Retail,66.0,85.88,85.4,0,82,23.15,7042.16
SKU0457,Auto Parts,Online,14.57,16.1,18.99,15,76,9.5,1223.6
SKU0458,Auto Parts,Distributor,37.81,47.05,42.63,10,81,19.64,3811.05
SKU0459,Electronics,Distributor,64.84,81.58,74.42,10,100,20.52,8158.0
SKU0460,Electronics,B2B Direct,103.02,143.31,115.47,0,82,28.11,11751.42
SKU0461,Electronics,Retail,86.37,109.16,114.23,0,58,20.88,6331.28
SKU0462,Auto Parts,Retail,76.52,82.81,91.88,20,83,7.6,6873.23
SKU0463,Consumables,Online,62.04,70.18,77.35,15,75,11.6,5263.5
SKU0464,Consumables,Distributor,39.35,49.92,46.22,0,70,21.17,3494.4
SKU0465,Electronics,Distributor,18.71,25.05,23.19,0,65,25.31,1628.25
SKU0466,Auto Parts,Retail,52.04,73.11,60.67,5,80,28.82,5848.8
SKU0467,Electronics,B2B Direct,8.28,9.75,9.54,0,66,15.08,643.5
SKU0468,Electronics,Online,29.27,38.52,36.3,10,95,24.01,3659.4
SKU0469,Electronics,Retail,54.74,49.11,67.18,20,83,-11.46,4076.13
SKU0470,Equipment,B2B Direct,53.14,65.01,60.48,0,71,18.26,4615.71
SKU0471,Electronics,Retail,10.09,12.26,11.05,0,86,17.7,1054.36
SKU0472,Auto Parts,Retail,72.74,83.5,84.42,15,78,12.89,6513.0
SKU0473,Electronics,Online,68.21,78.61,80.12,0,80,13.23,6288.8
SKU0474,Consumables,B2B Direct,13.98,16.25,17.32,20,92,13.97,1495.0
SKU0475,Consumables,Distributor,113.46,146.17,150.26,10,93,22.38,13593.81
SKU0476,Electronics,Distributor,16.43,17.89,17.43,20,75,8.16,1341.75
SKU0477,Auto Parts,B2B Direct,103.31,132.58,116.03,0,75,22.08,9943.5
SKU0478,Electronics,Retail,5.04,7.42,5.58,0,77,32.08,571.34
SKU0479,Electronics,Online,106.46,144.86,127.83,5,75,26.51,10864.5
SKU0480,Equipment,Distributor,7.27,8.98,8.57,5,84,19.04,754.32
SKU0481,Consumables,Retail,92.15,127.24,116.91,0,93,27.58,11833.32
SKU0482,Consumables,B2B Direct,46.59,49.45,52.31,20,70,5.78,3461.5
SKU0483,Electronics,B2B Direct,89.89,102.02,110.42,15,78,11.89,7957.56
SKU0484,Electronics,B2B Direct,51.2,56.79,67.34,10,88,9.84,4997.52
SKU0485,Consumables,Online,13.15,16.9,17.4,0,86,22.19,1453.4
SKU0486,Electronics,Online,93.26,94.95,124.75,10,88,1.78,8355.6
SKU0487,Equipment,B2B Direct,13.19,14.75,16.91,10,82,10.58,1209.5
SKU0488,Electronics,Distributor,111.04,145.4,146.77,5,74,23.63,10759.6
SKU0489,Auto Parts,B2B Direct,10.86,12.87,12.17,20,96,15.62,1235.52
SKU0490,Consumables,Retail,60.12,89.29,66.69,0,65,32.67,5803.85
SKU0491,Auto Parts,Retail,88.15,116.56,92.73,0,95,24.37,11073.2
SKU0492,Auto Parts,B2B Direct,50.22,67.43,63.38,0,77,25.52,5192.11
SKU0493,Electronics,B2B Direct,29.98,31.68,39.91,10,75,5.37,2376.0
SKU0494,Consumables,B2B Direct,92.3,114.48,102.09,10,67,19.37,7670.16
SKU0495,Electronics,Online,95.19,107.4,118.14,0,72,11.37,7732.8
SKU0496,Auto Parts,Distributor,111.11,134.87,141.55,0,67,17.62,9036.29
SKU0497,Consumables,Retail,48.26,65.99,64.1,0,87,26.87,5741.13
SKU0498,Electronics,B2B Direct,63.22,77.39,78.65,0,95,18.31,7352.05
SKU0499,Equipment,Online,46.76,49.75,62.71,5,84,6.01,4179.0
SKU0500,Electronics,Retail,34.56,49.52,39.86,0,73,30.21,3614.96
SKU0501,Consumables,Distributor,91.37,111.85,105.53,0,82,18.31,9171.7
SKU0502,Auto Parts,Online,44.06,42.14,53.44,15,87,-4.56,3666.18
SKU0503,Consumables,Retail,54.24,58.22,63.19,5,79,6.84,4599.38
SKU0504,Consumables,Retail,51.42,55.57,54.01,10,89,7.47,4945.73
SKU0505,Equipment,B2B Direct,86.96,101.85,110.4,0,75,14.62,7638.75
SKU0506,Auto Parts,Online,110.55,155.84,141.01,0,86,29.06,13402.24
SKU0507,Electronics,Online,81.68,95.34,104.07,5,88,14.33,8389.92
SKU0508,Consumables,Distributor,59.23,84.22,68.32,0,71,29.67,5979.62
SKU0509,Auto Parts,Retail,94.61,110.65,114.16,0,82,14.5,9073.3
SKU0510,Electronics,Online,78.71,86.78,91.15,15,75,9.3,6508.5
SKU0511,Equipment,Online,11.97,13.17,12.63,20,60,9.11,790.2
SKU0512,Electronics,Distributor,16.0,21.77,19.5,0,85,26.5,1850.45
SKU0513,Equipment,Online,9.36,12.55,10.18,0,85,25.42,1066.75
SKU0514,Auto Parts,B2B Direct,57.53,67.65,61.79,20,91,14.96,6156.15
SKU0515,Consumables,Retail,99.97,119.11,127.63,0,80,16.07,9528.8
SKU0516,Electronics,Distributor,41.0,47.88,43.17,10,88,14.37,4213.44
SKU0517,Electronics,B2B Direct,49.18,57.19,65.79,20,72,14.01,4117.68
SKU0518,Equipment,Retail,109.59,99.17,132.01,20,82,-10.51,8131.94
SKU0519,Auto Parts,Online,101.24,107.95,136.16,5,75,6.22,8096.25
SKU0520,Equipment,Distributor,81.48,97.23,86.97,0,86,16.2,8361.78
SKU0521,Consumables,Retail,35.68,48.28,43.71,0,70,26.1,3379.6
SKU0522,Auto Parts,Distributor,18.46,18.89,21.32,15,75,2.28,1416.75
SKU0523,Equipment,Retail,6.85,6.45,8.93,20,76,-6.2,490.2
SKU0524,Electronics,B2B Direct,17.31,20.0,20.05,10,66,13.45,1320.0
SKU0525,Consumables,Online,38.65,46.8,43.6,10,84,17.41,3931.2
SKU0526,Electronics,B2B Direct,68.46,73.9,89.5,10,82,7.36,6059.8
SKU0527,Equipment,Retail,12.36,13.57,14.37,10,72,8.92,977.04
SKU0528,Consumables,Retail,20.67,23.64,21.81,15,63,12.56,1489.32
SKU0529,Auto Parts,Online,25.82,34.35,30.13,10,79,24.83,2713.65
SKU0530,Consumables,Online,77.68,101.09,96.82,5,66,23.16,6671.94
SKU0531,Auto Parts,Online,75.82,107.15,85.4,0,75,29.24,8036.25
SKU0532,Electronics,Retail,68.34,76.68,80.61,10,75,10.88,5751.0
SKU0533,Auto Parts,Distributor,33.81,38.83,36.08,5,75,12.93,2912.25
SKU0534,Auto Parts,Retail,47.68,61.11,58.48,0,98,21.98,5988.78
SKU0535,Auto Parts,B2B Direct,16.12,19.5,20.58,15,88,17.33,1716.0
SKU0536,Electronics,Online,31.04,35.83,36.44,10,80,13.37,2866.4
SKU0537,Electronics,Retail,108.24,124.58,127.3,20,84,13.12,10464.72
SKU0538,Electronics,Retail,117.66,175.96,126.66,0,78,33.13,13724.88
SKU0539,Auto Parts,Distributor,79.48,80.75,88.27,10,88,1.57,7106.0
SKU0540,Consumables,B2B Direct,110.43,123.48,121.08,0,85,10.57,10495.8
SKU0541,Consumables,Retail,78.92,73.23,94.27,20,76,-7.77,5565.48
SKU0542,Electronics,B2B Direct,8.82,11.06,10.66,0,73,20.25,807.38
SKU0543,Equipment,Online,119.63,124.08,159.67,10,79,3.59,9802.32
SKU0544,Consumables,Retail,16.38,21.35,17.56,10,81,23.28,1729.35
SKU0545,Consumables,Online,83.5,92.62,102.7,0,79,9.85,7316.98
SKU0546,Auto Parts,Retail,34.08,33.43,41.17,20,79,-1.94,2640.97
SKU0547,Auto Parts,Online,50.08,49.97,60.34,15,84,-0.22,4197.48
SKU0548,Equipment,B2B Direct,79.28,116.75,104.01,0,102,32.09,11908.5
SKU0549,Consumables,Retail,55.2,75.5,61.36,0,87,26.89,6568.5
SKU0550,Auto Parts,B2B Direct,33.81,49.53,35.91,0,71,31.74,3516.63
SKU0551,Electronics,Retail,43.46,64.71,54.4,0,92,32.84,5953.32
SKU0552,Consumables,Online,44.28,48.89,51.08,15,84,9.43,4106.76
SKU0553,Consumables,B2B Direct,115.32,110.13,121.69,20,86,-4.71,9471.18
SKU0554,Equipment,B2B Direct,96.84,114.03,108.98,0,74,15.07,8438.22
SKU0555,Auto Parts,Distributor,57.73,65.22,65.97,5,91,11.48,5935.02
SKU0556,Electronics,Retail,27.98,36.77,34.56,5,88,23.91,3235.76
SKU0557,Auto Parts,B2B Direct,98.27,109.69,108.27,0,70,10.41,7678.3
SKU0558,Electronics,B2B Direct,23.08,25.86,27.09,0,85,10.75,2198.1
SKU0559,Auto Parts,Online,29.2,39.22,34.89,0,73,25.55,2863.06
SKU0560,Equipment,Online,47.09,60.7,55.93,5,75,22.42,4552.5
SKU0561,Electronics,Online,106.24,130.62,142.59,10,70,18.66,9143.4
SKU0562,Consumables,Retail,20.16,22.66,21.44,10,85,11.03,1926.1
SKU0563,Auto Parts,Retail,19.06,27.11,25.45,0,80,29.69,2168.8
SKU0564,Auto Parts,Distributor,61.81,69.01,75.69,15,78,10.43,5382.78
SKU0565,Auto Parts,Retail,36.79,37.82,47.41,10,72,2.72,2723.04
SKU0566,Electronics,B2B Direct,70.4,84.9,83.01,15,81,17.08,6876.9
SKU0567,Consumables,B2B Direct,56.94,80.12,67.54,5,79,28.93,6329.48
SKU0568,Electronics,Online,55.02,52.57,72.29,15,87,-4.66,4573.59
SKU0569,Auto Parts,Online,17.88,19.1,23.58,15,91,6.39,1738.1
SKU0570,Auto Parts,Retail,21.22,26.11,23.8,5,74,18.73,1932.14
SKU0571,Auto Parts,B2B Direct,99.42,115.19,110.33,0,93,13.69,10712.67
SKU0572,Consumables,Distributor,106.88,123.73,128.14,20,96,13.62,11878.08
SKU0573,Electronics,Retail,31.99,34.94,42.23,10,83,8.44,2900.02
SKU0574,Consumables,Distributor,18.05,20.41,20.7,20,80,11.56,1632.8
SKU0575,Consumables,Retail,11.14,13.72,13.88,10,68,18.8,932.96
SKU0576,Auto Parts,B2B Direct,74.95,90.34,94.62,10,83,17.04,7498.22
SKU0577,Auto Parts,Retail,87.27,102.7,112.02,0,67,15.02,6880.9
SKU0578,Consumables,Online,47.87,56.88,58.36,0,75,15.84,4266.0
SKU0579,Consumables,Online,83.16,74.44,97.36,20,90,-11.71,6699.6
SKU0580,Electronics,Online,86.99,104.06,116.58,0,86,16.4,8949.16
SKU0581,Auto Parts,Retail,112.56,139.37,138.83,0,99,19.24,13797.63
SKU0582,Auto Parts,B2B Direct,12.46,16.07,15.81,10,82,22.46,1317.74
SKU0583,Auto Parts,Online,27.11,30.41,31.27,10,84,10.85,2554.44
SKU0584,Auto Parts,B2B Direct,12.88,18.06,16.11,0,81,28.68,1462.86
SKU0585,Auto Parts,Online,104.82,133.73,118.17,0,87,21.62,11634.51
SKU0586,Electronics,B2B Direct,96.15,129.15,108.03,5,86,25.55,11106.9
SKU0587,Auto Parts,B2B Direct,71.08,105.95,89.87,0,102,32.91,10806.9
SKU0588,Auto Parts,B2B Direct,14.62,15.74,17.64,10,79,7.12,1243.46
SKU0589,Equipment,Retail,36.43,52.64,45.72,0,83,30.79,4369.12
SKU0590,Electronics,Online,39.24,44.99,44.37,15,76,12.78,3419.24
SKU0591,Equipment,B2B Direct,69.49,84.28,85.45,15,82,17.55,6910.96
SKU0592,Auto Parts,Online,34.68,42.47,41.03,10,90,18.34,3822.3
SKU0593,Consumables,Online,13.39,17.0,16.46,0,83,21.24,1411.0
SKU0594,Auto Parts,Online,89.04,100.76,101.26,5,94,11.63,9471.44
SKU0595,Consumables,B2B Direct,39.39,42.21,49.81,5,90,6.68,3798.9
SKU0596,Auto Parts,B2B Direct,57.02,74.94,73.66,0,65,23.91,4871.1
SKU0597,Auto Parts,B2B Direct,19.68,25.03,22.2,15,85,21.37,2127.55
SKU0598,Equipment,Retail,97.29,128.95,110.93,5,77,24.55,9929.15
SKU0599,Electronics,Online,70.04,73.28,87.43,15,77,4.42,5642.56
SKU0600,Equipment,Distributor,108.68,155.51,136.79,0,87,30.11,13529.37
